,Exploration,Generation Number
0,394.7140546841857,1.0
1,373.36849056351866,2.0
2,381.87723235424113,3.0
3,359.3941428132141,4.0
4,352.210016288708,5.0
5,359.60106054188856,6.0
6,446.61795042832125,1.0
7,408.1973426763626,2.0
8,385.3841198087537,3.0
9,383.0079384079419,4.0
10,374.22347279513025,5.0
11,387.1062788086158,6.0
12,406.3800907150644,1.0
13,365.8796236776697,2.0
14,399.5207496901949,3.0
15,407.0056818175605,4.0
16,394.15989572094907,5.0
17,396.94683992762793,6.0
18,403.3232821418823,1.0
19,427.9509364884724,2.0
20,442.5781788201712,3.0
21,424.79089996767874,4.0
22,429.37247916320075,5.0
23,389.85593920950566,6.0
24,339.88326941117276,1.0
25,346.8414520515681,2.0
26,358.08334919673297,3.0
27,339.538039999048,4.0
28,334.10758137161935,5.0
29,368.73591144122975,6.0
30,435.46974953796695,1.0
31,424.8876674839767,2.0
32,427.1997480230849,3.0
33,437.22818426707,4.0
34,410.06496154438224,5.0
35,442.43668497132563,6.0
36,465.97530769157976,1.0
37,398.7452523042303,2.0
38,385.0070269704578,3.0
39,390.87844095887294,4.0
40,388.7304715752387,5.0
41,392.0350729015144,6.0
42,401.4670189393076,1.0
43,376.44369887704806,2.0
44,374.9948179888792,3.0
45,364.00584678089854,4.0
46,382.4489382917395,5.0
47,368.5430784157645,6.0
48,366.63433472401005,1.0
49,387.68076025234865,2.0
50,405.91750018918714,3.0
51,391.20234152395483,4.0
52,407.5748125425722,5.0
53,364.60402190034756,6.0
54,384.2088688487186,1.0
55,381.80115528850246,2.0
56,390.85315455376343,3.0
57,389.7520735251893,4.0
58,361.5396423399411,5.0
59,374.2091315742199,6.0
60,414.5058465309089,1.0
61,427.2048685078216,2.0
62,386.17877560695644,3.0
63,408.420209217756,4.0
64,423.3964140361909,5.0
65,427.67471902514274,6.0
66,412.62332437208306,1.0
67,415.9594717696207,2.0
68,426.58937236543005,3.0
69,391.4085050591607,4.0
70,385.5452994893346,5.0
71,369.48971415519804,6.0
72,324.5979811679574,1.0
73,316.1577627095264,2.0
74,336.8699388196175,3.0
75,330.42522379676683,4.0
76,345.5654875449124,5.0
77,300.88190042914755,6.0
78,439.34517787581194,1.0
79,419.9101601086883,2.0
80,402.68006599501444,3.0
81,397.9148106308223,4.0
82,421.61571072946106,5.0
83,438.832276747851,6.0
84,399.98415204868957,1.0
85,438.6680773092246,2.0
86,407.38780398366623,3.0
87,384.28034135573535,4.0
88,415.8064675177976,5.0
89,433.1576497258817,6.0
90,439.2253064011508,1.0
91,459.02724844527063,2.0
92,442.86470692769745,3.0
93,434.20820471794553,4.0
94,442.3796202543628,5.0
95,430.657068719484,6.0
96,431.9633994149761,1.0
97,418.705356793633,2.0
98,407.787456797245,3.0
99,432.1858344224644,4.0
100,426.2951363499432,5.0
101,403.3512955226184,6.0
102,384.5376139739182,1.0
103,425.639419424539,2.0
104,385.53751750679976,3.0
105,397.7001098530887,4.0
106,359.74040052676935,5.0
107,362.9091115183104,6.0
108,440.1331025405241,1.0
109,416.46702959880963,2.0
110,392.8792689937122,3.0
111,420.46586788783276,4.0
112,406.4570966471044,5.0
113,383.492308623523,6.0
114,406.37344476742294,1.0
115,422.8083936649218,2.0
116,426.07579009886535,3.0
117,417.0441166951234,4.0
118,423.5845396874075,5.0
119,429.68929125814327,6.0
120,1617.8682152347608,1.0
121,1536.1004820369465,2.0
122,1662.246011151253,3.0
123,1699.6314501329323,4.0
124,1658.7404502187378,5.0
125,1576.5889713901774,6.0
126,390.12578501578355,1.0
127,400.515703410457,2.0
128,389.86150801972025,3.0
129,431.65685242823463,4.0
130,427.9285955300225,5.0
131,452.3765002911654,6.0
132,407.582553870331,1.0
133,403.62164765938303,2.0
134,372.87875966101836,3.0
135,433.91254832529387,4.0
136,428.7089226218272,5.0
137,358.75237699195645,6.0
138,366.92475468857884,1.0
139,356.6394580912116,2.0
140,378.95391155112634,3.0
141,375.2424973548931,4.0
142,385.0475636054927,5.0
143,392.80223437286855,6.0
144,415.66871541729427,1.0
145,384.5904794707793,2.0
146,452.66697931119944,3.0
147,403.0898359995755,4.0
148,403.4853527658928,5.0
149,427.928626172859,6.0
150,410.51188703906075,1.0
151,336.29641732913694,2.0
152,363.3125586578673,3.0
153,421.111948858893,4.0
154,382.0658381016517,5.0
155,361.53891886814426,6.0
156,381.66755429000597,1.0
157,359.5091185749168,2.0
158,369.8386325067042,3.0
159,361.1118155454428,4.0
160,356.3204601805332,5.0
161,362.6304957316953,6.0
162,424.3716501803554,1.0
163,417.38179720712736,2.0
164,422.9640849310675,3.0
165,427.1196765799916,4.0
166,427.17985175893847,5.0
167,436.3690747786671,6.0
168,0.0,1.0
169,0.0,2.0
170,0.0,3.0
171,0.0,4.0
172,0.0,5.0
173,0.0,6.0
174,357.55437760021766,1.0
175,332.7194738050665,2.0
176,321.5983113141979,3.0
177,388.674255844142,4.0
178,348.6141418935346,5.0
179,340.09162834559095,6.0
180,384.8239005434041,1.0
181,389.2955284665035,2.0
182,408.28785675349803,3.0
183,359.0046914090578,4.0
184,349.11522653323885,5.0
185,397.0234498469519,6.0
186,394.4084895010435,1.0
187,400.19318001226566,2.0
188,419.74233015852957,3.0
189,402.50036097855,4.0
190,371.08679662527646,5.0
191,376.9970564339062,6.0
192,388.6540025511664,1.0
193,399.0231854032037,2.0
194,379.1847831423837,3.0
195,383.9830257119896,4.0
196,405.3637195190895,5.0
197,379.4048895971108,6.0
198,412.4815688219713,1.0
199,391.5558670910365,2.0
200,401.31996768662606,3.0
201,376.6368909185904,4.0
202,359.0001249241735,5.0
203,370.4695699418195,6.0
204,372.11317236441096,1.0
205,342.99792343400406,2.0
206,363.94758520148014,3.0
207,358.758575082575,4.0
208,380.0065122339963,5.0
209,364.27920636992286,6.0
210,427.28104660908593,1.0
211,412.56643518866707,2.0
212,387.68594966400934,3.0
213,393.4093945232116,4.0
214,394.44034293148303,5.0
215,388.4712556360142,6.0
216,420.97621158757426,1.0
217,400.6053019403883,2.0
218,402.61904531482173,3.0
219,412.5330485394294,4.0
220,403.86084937943747,5.0
221,446.51639291525953,6.0
222,413.08322486839404,1.0
223,407.0133074978932,2.0
224,417.80213443220555,3.0
225,460.1672456275429,4.0
226,436.13053553132755,5.0
227,407.218572145029,6.0
228,400.31695433306334,1.0
229,405.8992120285142,2.0
230,376.51458891802207,3.0
231,388.9497953514731,4.0
232,382.05301864042565,5.0
233,373.51338233705354,6.0
234,409.8733370857273,1.0
235,381.5514568316241,2.0
236,409.88100180772665,3.0
237,392.1682248529297,4.0
238,391.2381454049701,5.0
239,410.1567410921465,6.0
240,364.8811974317775,1.0
241,370.71563717574776,2.0
242,407.10577019380656,3.0
243,389.8648885095045,4.0
244,381.895832906485,5.0
245,387.07276183478695,6.0
246,416.5133550840511,1.0
247,435.4853377243877,2.0
248,416.71980573513383,3.0
249,386.9966161876246,4.0
250,425.07078051980795,5.0
251,413.3466472029576,6.0
252,423.6203348693829,1.0
253,436.48330742335156,2.0
254,425.1971446790195,3.0
255,415.39287643302885,4.0
256,435.77155233827165,5.0
257,482.573553216161,6.0
258,426.39492367572586,1.0
259,400.829203447953,2.0
260,435.3904106466843,3.0
261,432.2476959616553,4.0
262,427.95304104514264,5.0
263,421.2658392641646,6.0
264,354.92109559334125,1.0
265,338.0003625626414,2.0
266,378.67040670974706,3.0
267,376.7152128580505,4.0
268,358.0980234610401,5.0
269,354.34688854359666,6.0
270,419.3440170675246,1.0
271,433.9963083937461,2.0
272,434.7618129529598,3.0
273,409.2666118556785,4.0
274,405.34329470148305,5.0
275,410.85885436884405,6.0
276,348.05635191924586,1.0
277,336.000642348924,2.0
278,303.0632113637308,3.0
279,345.4586985508583,4.0
280,350.91505781633566,5.0
281,342.08468422417707,6.0
282,364.9473791463795,1.0
283,419.28487563695,2.0
284,362.60566814799387,3.0
285,397.4542716664625,4.0
286,388.0726114659693,5.0
287,371.0602535608653,6.0
288,443.25753104923905,1.0
289,465.1077061595332,2.0
290,449.43571215755435,3.0
291,467.2183636392829,4.0
292,455.0522576459325,5.0
293,451.8654401540018,6.0
294,376.309903127512,1.0
295,397.3758972665175,2.0
296,364.12505173902537,3.0
297,372.18802519501355,4.0
298,345.83341936652795,5.0
299,361.5961405936988,6.0
300,397.7219169238557,1.0
301,374.0273371548117,2.0
302,381.82421947650727,3.0
303,395.791260769151,4.0
304,407.9498172410175,5.0
305,368.16024650238165,6.0
306,438.6801994036563,1.0
307,459.4816460903352,2.0
308,421.68355512909653,3.0
309,419.26228534309223,4.0
310,435.64726107733367,5.0
311,432.98081478857256,6.0
312,372.3595109925943,1.0
313,349.46006964633705,2.0
314,353.4312812863832,3.0
315,361.3272136130072,4.0
316,357.90368588296604,5.0
317,356.1803686784768,6.0
318,435.89394361283894,1.0
319,449.99203664476124,2.0
320,415.1850438913129,3.0
321,419.99976643041913,4.0
322,418.83224265364254,5.0
323,335.61810255985705,6.0
324,430.4257701051759,1.0
325,436.72506203129166,2.0
326,413.93849618216564,3.0
327,439.24726350599207,4.0
328,440.6817158647473,5.0
329,419.1244934731732,6.0
330,423.437848932821,1.0
331,444.2317532805963,2.0
332,391.0784352226711,3.0
333,394.48193674775234,4.0
334,413.57716805649517,5.0
335,401.5243682914604,6.0
336,402.8123585590643,1.0
337,375.17808653479415,2.0
338,390.4921102318865,3.0
339,407.36604089427067,4.0
340,392.3022806511429,5.0
341,401.08735635028296,6.0
342,435.56486851435625,1.0
343,422.08578570293434,2.0
344,410.23238289072856,3.0
345,451.6907429897183,4.0
346,421.7077088913222,5.0
347,437.71006312102645,6.0
348,383.4773981514283,1.0
349,403.7167991688923,2.0
350,395.2037316531022,3.0
351,409.49017841492156,4.0
352,388.2622526834521,5.0
353,388.9026557016188,6.0
354,391.74571571680826,1.0
355,413.64677644382004,2.0
356,387.44803325355736,3.0
357,413.3013645963576,4.0
358,380.0619526773474,5.0
359,375.18181787765946,6.0
360,424.87621753810123,1.0
361,416.03589405390517,2.0
362,398.9781738634869,3.0
363,406.54145607148087,4.0
364,400.0067944605408,5.0
365,430.30538097337984,6.0
366,343.6541992148172,1.0
367,342.28227249303444,2.0
368,360.3123794074704,3.0
369,331.8339814649046,4.0
370,341.1140302088402,5.0
371,355.9387140410015,6.0
372,405.30935279471237,1.0
373,434.334233393404,2.0
374,422.85971465916464,3.0
375,425.36067565042873,4.0
376,403.0776810681269,5.0
377,384.35061468970673,6.0
378,379.25140067895666,1.0
379,334.5759674239659,2.0
380,370.79712908532673,3.0
381,373.99019012081584,4.0
382,396.7278092113355,5.0
383,364.8372282732263,6.0
384,398.155021034624,1.0
385,403.18572554889465,2.0
386,424.02743985487547,3.0
387,452.958981975476,4.0
388,467.00252596101143,5.0
389,227.62044042812252,6.0
390,440.79360454154283,1.0
391,454.85248602920433,2.0
392,440.5833325737961,3.0
393,423.43361412345473,4.0
394,419.8048043797962,5.0
395,416.5193944075344,6.0
396,424.4535404248047,1.0
397,393.1127563711562,2.0
398,420.5765030743027,3.0
399,391.7346596366951,4.0
400,382.31336642366557,5.0
401,390.72450146717495,6.0
402,354.69675195362987,1.0
403,363.9381734913118,2.0
404,369.46021876087275,3.0
405,376.44011625292086,4.0
406,358.400810429342,5.0
407,342.1957383858488,6.0
408,378.2108052422671,1.0
409,352.1351018245795,2.0
410,368.326716653896,3.0
411,357.9537807969226,4.0
412,384.2783184827525,5.0
413,381.78117259283925,6.0
414,405.4124721710874,1.0
415,395.68069671060437,2.0
416,440.3797946080648,3.0
417,406.0802800943755,4.0
418,406.6635053528778,5.0
419,439.7223411781195,6.0
420,438.46259264342234,1.0
421,416.2621747567231,2.0
422,455.1030458960431,3.0
423,428.72387608301125,4.0
424,458.34980006684947,5.0
425,442.09852692325035,6.0
426,432.0480770514526,1.0
427,415.8425744228626,2.0
428,423.39542418386355,3.0
429,426.3571081151569,4.0
430,415.5445244475644,5.0
431,388.43395635364436,6.0
432,398.5968693081092,1.0
433,386.34189913305687,2.0
434,376.01242703251455,3.0
435,352.4905003178385,4.0
436,387.8112623355988,5.0
437,358.82993988318276,6.0
438,412.4024262465313,1.0
439,452.3991705010819,2.0
440,441.9226500931625,3.0
441,432.1332193028445,4.0
442,434.27154719569506,5.0
443,431.23460072458744,6.0
444,335.1347065059012,1.0
445,331.73172078461135,2.0
446,305.18713404333846,3.0
447,343.2026531442926,4.0
448,356.7905398109896,5.0
449,339.27956909309046,6.0
450,391.91714868352017,1.0
451,371.4993431102101,2.0
452,394.79137349579105,3.0
453,391.85924685754713,4.0
454,407.09622425839507,5.0
455,390.1096527659087,6.0
456,445.5979714594551,1.0
457,425.80449340087085,2.0
458,435.89859150731564,3.0
459,422.53768611185484,4.0
460,406.6632804674187,5.0
461,416.9674253872779,6.0
462,402.97039293433545,1.0
463,400.60621330819765,2.0
464,431.24960921724215,3.0
465,398.1808170231134,4.0
466,383.1501496224239,5.0
467,396.2597797634985,6.0
468,341.95327836711743,1.0
469,325.0284896763234,2.0
470,336.7762763593782,3.0
471,323.15663356736223,4.0
472,350.13479991556295,5.0
473,321.11512325554935,6.0
474,373.4854076801575,1.0
475,388.5542421438284,2.0
476,400.2048063843319,3.0
477,398.92582294759575,4.0
478,376.83511434400316,5.0
479,388.1166167094298,6.0
480,373.1467072693621,1.0
481,390.1700472526547,2.0
482,383.23283018651813,3.0
483,405.9905690522062,4.0
484,398.14218240299357,5.0
485,394.3623319042736,6.0
486,409.27373250727663,1.0
487,431.54684284767376,2.0
488,442.0558125591148,3.0
489,428.53497928518385,4.0
490,424.21658706472766,5.0
491,419.0127420780369,6.0
492,386.82913013793967,1.0
493,364.8387340448605,2.0
494,363.59654636488193,3.0
495,380.18160228207853,4.0
496,364.2115507494566,5.0
497,355.72994468402715,6.0
498,387.62966323233127,1.0
499,423.94784685806883,2.0
500,388.98857439246564,3.0
501,374.4634627543332,4.0
502,361.64888825334464,5.0
503,396.4556789156542,6.0
504,392.21040365131336,1.0
505,375.2726019023971,2.0
506,388.7869067775049,3.0
507,411.51286134389375,4.0
508,405.7395178700839,5.0
509,405.8860264778317,6.0
510,365.1241360670159,1.0
511,387.7732059516484,2.0
512,342.0882091621362,3.0
513,324.67654919935217,4.0
514,376.11683016566155,5.0
515,381.46181255075726,6.0
516,356.7057365791156,1.0
517,334.4519919787763,2.0
518,374.8165349076493,3.0
519,385.0737128289756,4.0
520,352.80539349699643,5.0
521,363.4930132164603,6.0
522,397.9974745893412,1.0
523,383.4123468262355,2.0
524,402.8659229193204,3.0
525,393.3213815358224,4.0
526,401.8588863182017,5.0
527,393.5167356040979,6.0
528,419.0635571334362,1.0
529,415.96354081128317,2.0
530,429.4928732586267,3.0
531,404.3598284128637,4.0
532,420.25821175652953,5.0
533,402.8325886897395,6.0
534,398.58742037505783,1.0
535,370.45188446185097,2.0
536,355.61662136403453,3.0
537,379.6625748442771,4.0
538,376.07128744172553,5.0
539,357.31988747628645,6.0
540,377.6326304999672,1.0
541,406.5807457485663,2.0
542,402.6569240346768,3.0
543,388.35563308364755,4.0
544,404.83870322382523,5.0
545,428.5919617206088,6.0
546,404.1981706590793,1.0
547,420.3461938132653,2.0
548,413.26736803911444,3.0
549,409.1751283364786,4.0
550,398.1922257643621,5.0
551,416.5882100325034,6.0
552,467.980665570091,1.0
553,402.84728379748685,2.0
554,430.1139002194381,3.0
555,411.93273592455307,4.0
556,408.62630209746175,5.0
557,409.21260837795427,6.0
558,1698.9246892590902,1.0
559,1564.3779633979866,2.0
560,1687.0119277835026,3.0
561,1585.4215803828795,4.0
562,1663.2003868478832,5.0
563,1749.0597805026357,6.0
564,427.7867467596263,1.0
565,401.7381013508387,2.0
566,414.3269140773999,3.0
567,383.9356112995727,4.0
568,408.0145593923813,5.0
569,377.4119894258854,6.0
570,383.5898140044726,1.0
571,386.99376206993765,2.0
572,426.17753648022955,3.0
573,425.6474245012486,4.0
574,412.32355804228945,5.0
575,394.91148667186826,6.0
576,355.74446354468444,1.0
577,384.8707925402347,2.0
578,375.04958033590856,3.0
579,388.23774578931864,4.0
580,374.48352435916007,5.0
581,352.68829728779355,6.0
582,440.0026067973659,1.0
583,399.9418025480769,2.0
584,377.46170042848627,3.0
585,419.0301236077068,4.0
586,420.58040968044355,5.0
587,409.39433695011553,6.0
588,1738.8648771312874,1.0
589,1713.078258877309,2.0
590,1624.1178068401289,3.0
591,1690.2380361665291,4.0
592,1790.8196764949503,5.0
593,1633.0178487019598,6.0
594,401.9346851555243,1.0
595,391.48853301924765,2.0
596,422.95987998913273,3.0
597,428.62805090872126,4.0
598,411.43296190966237,5.0
599,432.26208858097374,6.0
600,383.1110418821455,1.0
601,389.35070835298006,2.0
602,382.2416739670093,3.0
603,370.24346899887416,4.0
604,368.57003835229597,5.0
605,375.0556909574274,6.0
606,419.9938263761626,1.0
607,367.68401268177456,2.0
608,407.61164994129797,3.0
609,406.7217654611503,4.0
610,396.1967518817137,5.0
611,370.26150639690644,6.0
612,445.0488261204629,1.0
613,410.2408270480758,2.0
614,433.0645631735208,3.0
615,426.08245216359495,4.0
616,432.8505051288833,5.0
617,416.3375952900824,6.0
618,414.58263122437194,1.0
619,383.96961741698135,2.0
620,394.63350023968655,3.0
621,397.57393879298405,4.0
622,396.1880780619819,5.0
623,415.23364008474744,6.0
624,379.5979779082734,1.0
625,390.48384613996325,2.0
626,406.8071706349091,3.0
627,399.72133759444455,4.0
628,370.8081598686163,5.0
629,386.97743239029336,6.0
630,425.71708370628863,1.0
631,409.7679513813666,2.0
632,403.60105233466464,3.0
633,376.20503243552895,4.0
634,402.23565375123553,5.0
635,421.7243250000297,6.0
636,396.0228672358406,1.0
637,370.7393776533937,2.0
638,393.34731794003295,3.0
639,417.0553273320113,4.0
640,435.39879339245203,5.0
641,433.994412760272,6.0
642,420.46003498944975,1.0
643,440.74583337303886,2.0
644,411.9689757070401,3.0
645,446.09419875055806,4.0
646,432.5820604360646,5.0
647,441.3803550319052,6.0
648,405.5621475120956,1.0
649,403.62897783530593,2.0
650,382.0210734816614,3.0
651,412.31082160957374,4.0
652,386.06537946917155,5.0
653,354.45467557404777,6.0
654,395.1935378327885,1.0
655,393.32848979951115,2.0
656,307.99723270917644,3.0
657,183.3069990775399,4.0
658,87.8425986079819,5.0
659,10.363534166453054,6.0
660,459.3487317745253,1.0
661,442.8798557571421,2.0
662,443.7996209507163,3.0
663,449.6539322031567,4.0
664,443.0330301561854,5.0
665,447.0744413537638,6.0
666,341.8399112924042,1.0
667,328.12752425990357,2.0
668,356.5140447398839,3.0
669,365.8185846620995,4.0
670,325.241403471844,5.0
671,372.8492275935643,6.0
672,430.49924640713266,1.0
673,399.68973405025434,2.0
674,410.5129053868959,3.0
675,407.66252386543994,4.0
676,412.35098301483777,5.0
677,390.1128763771164,6.0
678,372.9134154464868,1.0
679,384.47226843405167,2.0
680,374.2589900097613,3.0
681,379.21869469353675,4.0
682,358.2517324650306,5.0
683,358.9012097082685,6.0
684,398.8788868752014,1.0
685,352.1099927157515,2.0
686,342.92943112205654,3.0
687,361.9718801983947,4.0
688,370.8001614873844,5.0
689,378.9122358569551,6.0
690,396.8016632161146,1.0
691,404.9220494977587,2.0
692,414.6662351318473,3.0
693,408.31060281803315,4.0
694,405.91863090768527,5.0
695,408.6248521162188,6.0
696,379.6497527026212,1.0
697,392.0250116377155,2.0
698,385.7063177299037,3.0
699,367.2405254686597,4.0
700,372.98421368364933,5.0
701,372.9406938069015,6.0
702,395.56321475604375,1.0
703,388.4201294197545,2.0
704,421.5247741794253,3.0
705,392.53629594030207,4.0
706,366.14892170308315,5.0
707,376.6240303748758,6.0
708,406.0714365367397,1.0
709,399.86161955922074,2.0
710,392.27734439867646,3.0
711,404.1265901203541,4.0
712,419.86718652513923,5.0
713,413.44458587104737,6.0
714,375.6130112156929,1.0
715,399.54038696434674,2.0
716,391.8048077143832,3.0
717,387.0514549538431,4.0
718,371.8112476115959,5.0
719,420.664070357396,6.0
720,395.37821762925876,1.0
721,375.0543223766905,2.0
722,360.4309239091793,3.0
723,365.53868530382067,4.0
724,362.84629286669934,5.0
725,326.3473412113933,6.0
726,385.63831694491273,1.0
727,367.5206785767274,2.0
728,381.3350216451983,3.0
729,406.4735603889482,4.0
730,377.87427941902115,5.0
731,360.8392282722184,6.0
732,418.6359958951682,1.0
733,391.4911763748106,2.0
734,409.0613768628602,3.0
735,414.9142741232031,4.0
736,419.07743133074854,5.0
737,426.4567523321001,6.0
738,390.7747447852236,1.0
739,378.0249659403947,2.0
740,366.55365289617066,3.0
741,375.71000940084633,4.0
742,409.0882713831261,5.0
743,413.30667383084915,6.0
744,372.41442384465694,1.0
745,351.5783025658179,2.0
746,384.6637730016035,3.0
747,355.3902208623414,4.0
748,339.0701813760768,5.0
749,376.1866896272826,6.0
750,335.93322853500337,1.0
751,361.0476900377408,2.0
752,360.03547733999415,3.0
753,332.25932000829323,4.0
754,345.859940763776,5.0
755,338.45034507807,6.0
756,374.7437218912137,1.0
757,371.11647058047276,2.0
758,373.2992139533563,3.0
759,365.91566082244856,4.0
760,402.6959031536422,5.0
761,397.66757477378104,6.0
762,373.0298550884557,1.0
763,371.7355947969461,2.0
764,368.1031038248011,3.0
765,395.55301732112054,4.0
766,360.2352175691676,5.0
767,364.7301406900855,6.0
768,426.09386755771186,1.0
769,425.03536666289614,2.0
770,422.9200623361665,3.0
771,451.0148855365871,4.0
772,443.8895828093207,5.0
773,400.4195152739178,6.0
774,368.1361055414811,1.0
775,390.42657381657455,2.0
776,358.9542510094699,3.0
777,380.1790879075518,4.0
778,397.65996592038016,5.0
779,357.3674304062118,6.0
780,338.32855915652533,1.0
781,347.98109338843835,2.0
782,401.7174013448767,3.0
783,372.9852671024673,4.0
784,360.1131950510432,5.0
785,398.70576864493864,6.0
786,425.13117075230895,1.0
787,445.54574884157824,2.0
788,378.01937963316755,3.0
789,426.71871994799324,4.0
790,423.95572842377646,5.0
791,411.65807281523087,6.0
792,408.2997995305515,1.0
793,434.8664453721078,2.0
794,427.57039879417107,3.0
795,418.7974046113191,4.0
796,380.6804011983565,5.0
797,401.6788543120836,6.0
798,425.71615909341904,1.0
799,397.5507140832057,2.0
800,412.9088591852367,3.0
801,428.8647019279763,4.0
802,445.2101146801495,5.0
803,329.2763812325942,6.0
804,392.83836503101816,1.0
805,361.0332000516507,2.0
806,417.58591694510443,3.0
807,431.09224368532864,4.0
808,412.6117096752864,5.0
809,410.53139902193357,6.0
810,433.3228517627144,1.0
811,418.7365253798846,2.0
812,427.10483553644485,3.0
813,441.05889824992664,4.0
814,406.4034794548527,5.0
815,392.27864111247055,6.0
816,356.2212165934163,1.0
817,353.41706668476604,2.0
818,367.346533895304,3.0
819,389.74312744354603,4.0
820,383.22400738313115,5.0
821,359.0931709181293,6.0
822,406.40314948619437,1.0
823,409.50984583166826,2.0
824,399.570824963007,3.0
825,415.92556067227486,4.0
826,379.4151787158027,5.0
827,415.85248693190186,6.0
828,418.6763381035556,1.0
829,432.30748425486837,2.0
830,389.9129824068633,3.0
831,410.5237537699557,4.0
832,418.2025135177012,5.0
833,399.1438699370748,6.0
834,414.70047785236073,1.0
835,390.64294438242575,2.0
836,412.16878239816225,3.0
837,414.23361288484693,4.0
838,400.3928122923895,5.0
839,396.61253482424235,6.0
840,425.62951209201657,1.0
841,432.75904639676435,2.0
842,453.5008500895069,3.0
843,452.93655209560654,4.0
844,437.63495193076506,5.0
845,410.3608555234185,6.0
846,368.23802993684467,1.0
847,336.69790448154646,2.0
848,388.5835373216607,3.0
849,361.151129914655,4.0
850,360.11774653695585,5.0
851,325.78987412670796,6.0
852,377.22492070513584,1.0
853,391.59846070526504,2.0
854,367.80346928879237,3.0
855,372.6846987639113,4.0
856,337.65804767662246,5.0
857,362.935454469312,6.0
858,376.59499169502567,1.0
859,387.18046982325814,2.0
860,376.04484783261796,3.0
861,394.7556964631583,4.0
862,386.2556872632729,5.0
863,382.4105806927788,6.0
864,421.7766114805181,1.0
865,400.3575346888196,2.0
866,424.9832012013974,3.0
867,405.47383106435666,4.0
868,453.4140892215395,5.0
869,420.9022730328047,6.0
870,399.76887980029346,1.0
871,381.6041236825907,2.0
872,384.68921718114075,3.0
873,382.8713950035529,4.0
874,396.4466447771927,5.0
875,382.8321446087367,6.0
876,343.94346134043224,1.0
877,428.00573044062327,2.0
878,385.5351924134357,3.0
879,359.6532671627642,4.0
880,368.0651272729788,5.0
881,370.5407561669119,6.0
882,399.9678700240841,1.0
883,402.61265437439755,2.0
884,417.6744674765772,3.0
885,403.61885711004015,4.0
886,406.7648253915717,5.0
887,417.2998364336459,6.0
888,1781.4253594906554,1.0
889,1834.8842793329702,2.0
890,1910.4196180793178,3.0
891,1842.686919091909,4.0
892,1799.042443935194,5.0
893,1789.7217527053806,6.0
894,402.0789695004609,1.0
895,394.25407679422904,2.0
896,391.73718273333355,3.0
897,385.8444304557225,4.0
898,399.3312373238218,5.0
899,386.83576259954833,6.0
900,420.83552969371914,1.0
901,399.44778097220325,2.0
902,387.198993823067,3.0
903,430.95326025179133,4.0
904,369.0453808684332,5.0
905,395.5361728312986,6.0
906,328.84643801516904,1.0
907,315.38355378293926,2.0
908,339.0280518645786,3.0
909,364.6232542400416,4.0
910,337.48610744228085,5.0
911,361.08675214596764,6.0
912,429.4900199334157,1.0
913,424.4362454920495,2.0
914,383.10360831233476,3.0
915,442.60545768067107,4.0
916,453.18275485158813,5.0
917,419.739511351719,6.0
918,387.0554216502162,1.0
919,382.45806466071576,2.0
920,382.63552412630906,3.0
921,403.67341460447744,4.0
922,375.4284783774079,5.0
923,400.97698546008775,6.0
924,441.52382128374,1.0
925,442.9265839017158,2.0
926,446.903213187633,3.0
927,460.2844690979724,4.0
928,479.6488328600096,5.0
929,426.7387731515663,6.0
930,376.4233840172442,1.0
931,388.3171044562934,2.0
932,370.1123823017196,3.0
933,376.00629316577704,4.0
934,384.78871407646875,5.0
935,398.5774927981109,6.0
936,369.2979455551938,1.0
937,366.74773985739733,2.0
938,374.30859778568714,3.0
939,368.80448369092625,4.0
940,390.56012371948424,5.0
941,380.0478336995459,6.0
942,388.7314676655184,1.0
943,393.5723272642772,2.0
944,373.42366122236615,3.0
945,388.29427341445137,4.0
946,387.44298086542045,5.0
947,386.6742033237515,6.0
948,445.23027643132025,1.0
949,428.342284823578,2.0
950,410.10727570290925,3.0
951,408.46884332646056,4.0
952,421.95912494394344,5.0
953,380.9536197425925,6.0
954,387.68732293595184,1.0
955,400.67088111803054,2.0
956,391.9600951597952,3.0
957,374.377947690935,4.0
958,375.18839448954486,5.0
959,359.63503822417385,6.0
960,418.9710111998012,1.0
961,393.8693762295915,2.0
962,390.1792849356672,3.0
963,377.98206280535544,4.0
964,372.8857557589548,5.0
965,417.5183995344598,6.0
966,364.0257252217479,1.0
967,363.1178215810428,2.0
968,354.4517740114463,3.0
969,347.2745780955244,4.0
970,356.6470227466978,5.0
971,366.739433433305,6.0
972,424.96381403709535,1.0
973,417.0638502972134,2.0
974,394.6550590247528,3.0
975,394.28413643612805,4.0
976,403.9405173946282,5.0
977,438.4281225948738,6.0
978,369.27522598255774,1.0
979,392.83278234785786,2.0
980,388.00108762419484,3.0
981,402.9186219576272,4.0
982,401.1160137877052,5.0
983,381.20572161960297,6.0
984,380.89931666604923,1.0
985,347.32347104331046,2.0
986,340.5420158476449,3.0
987,341.2088581479891,4.0
988,319.7632475943503,5.0
989,329.1170680501812,6.0
990,400.06894324944494,1.0
991,379.20983949734375,2.0
992,394.34459199352176,3.0
993,302.0004629585249,4.0
994,26.62051459429241,5.0
995,0.0,6.0
996,373.7603024029804,1.0
997,374.71236716405843,2.0
998,366.43163235467006,3.0
999,356.2981746447699,4.0
1000,344.90083695451506,5.0
1001,359.89818295813217,6.0
1002,118.39011861517739,1.0
1003,91.43000719589617,2.0
1004,91.43000719589617,3.0
1005,118.39011861517739,4.0
1006,91.43000719589617,5.0
1007,118.39011861517739,6.0
1008,401.8182924727472,1.0
1009,397.15876783687975,2.0
1010,384.2796526775879,3.0
1011,371.7715800611966,4.0
1012,365.01968982746826,5.0
1013,372.6087879254614,6.0
1014,441.20716142643124,1.0
1015,422.32420582993024,2.0
1016,429.9781611896324,3.0
1017,443.74662477774405,4.0
1018,449.1000121219644,5.0
1019,410.6141336252,6.0
1020,459.5258916149338,1.0
1021,428.6973973115258,2.0
1022,420.49102449603424,3.0
1023,407.9580410557319,4.0
1024,439.04055604923894,5.0
1025,395.1797467231498,6.0
1026,395.73692532181224,1.0
1027,387.72846700319155,2.0
1028,403.91989710299333,3.0
1029,378.5936030849627,4.0
1030,394.46632670878415,5.0
1031,373.71610510642176,6.0
1032,385.6151938080228,1.0
1033,425.20656243682674,2.0
1034,402.50255534661676,3.0
1035,378.64240045331564,4.0
1036,374.0034997816469,5.0
1037,377.3695224528036,6.0
1038,361.8242531142206,1.0
1039,312.2380183702909,2.0
1040,315.55859744797226,3.0
1041,316.0160693369371,4.0
1042,320.6239780161726,5.0
1043,316.8963655443233,6.0
1044,380.2060523913761,1.0
1045,378.68326518437016,2.0
1046,392.11404813995307,3.0
1047,350.43397456218327,4.0
1048,369.9104865828681,5.0
1049,413.99491102946445,6.0
1050,417.61013444293553,1.0
1051,391.01723742556277,2.0
1052,399.9461743172574,3.0
1053,385.0298971258699,4.0
1054,382.63071083517667,5.0
1055,397.41385662040415,6.0
1056,394.7299832177297,1.0
1057,435.630496880526,2.0
1058,450.5520392872065,3.0
1059,416.6395251550894,4.0
1060,443.6668747016076,5.0
1061,391.7847333761405,6.0
1062,386.6238428216494,1.0
1063,439.196539874915,2.0
1064,427.6019427042194,3.0
1065,407.42142629278896,4.0
1066,393.0848129880405,5.0
1067,408.47391561864526,6.0
1068,362.2213147091268,1.0
1069,364.8620897672952,2.0
1070,403.33516357638933,3.0
1071,370.41089675127176,4.0
1072,371.1155860902975,5.0
1073,380.59703968989294,6.0
1074,415.0945157998769,1.0
1075,414.2694520301565,2.0
1076,413.06609614094174,3.0
1077,425.29172884022034,4.0
1078,415.43845495897165,5.0
1079,427.87981492074823,6.0
1080,392.44546552965056,1.0
1081,390.56246246249145,2.0
1082,386.3773329372904,3.0
1083,390.1984636842254,4.0
1084,358.27352311116937,5.0
1085,358.87605996416517,6.0
1086,418.03401883523446,1.0
1087,429.00671328827195,2.0
1088,408.1017227105545,3.0
1089,409.0594690999342,4.0
1090,421.31329849121545,5.0
1091,452.7755464527474,6.0
1092,424.67261322609016,1.0
1093,409.9087050542921,2.0
1094,434.518615165749,3.0
1095,452.76014840003995,4.0
1096,428.17346148782576,5.0
1097,409.95565318841756,6.0
1098,395.7260966147613,1.0
1099,390.19504718507994,2.0
1100,380.21546334983054,3.0
1101,364.9735900956882,4.0
1102,366.46653172495917,5.0
1103,368.99689127944725,6.0
1104,419.1522836551881,1.0
1105,417.87608484875113,2.0
1106,377.66682510460976,3.0
1107,403.31135306763895,4.0
1108,426.6724578918802,5.0
1109,373.489615914186,6.0
1110,440.5233259339131,1.0
1111,439.0319137474989,2.0
1112,423.3520973447379,3.0
1113,432.96023943999063,4.0
1114,435.33910941784717,5.0
1115,441.72844019714404,6.0
1116,441.4812838739108,1.0
1117,420.262307621468,2.0
1118,472.6948950571633,3.0
1119,448.7631890606267,4.0
1120,453.8542774566567,5.0
1121,419.3338513262544,6.0
1122,359.2065431139071,1.0
1123,352.2962735996606,2.0
1124,367.2721751757562,3.0
1125,371.4109568005288,4.0
1126,355.9216522839254,5.0
1127,362.4570432341309,6.0
1128,416.4882994149971,1.0
1129,390.8673680992297,2.0
1130,369.3034579423825,3.0
1131,398.7474909796943,4.0
1132,380.6830893135301,5.0
1133,376.1393806171021,6.0
1134,364.29986980025416,1.0
1135,371.2199821945422,2.0
1136,384.4131588690203,3.0
1137,356.1263831351551,4.0
1138,368.33447913307634,5.0
1139,373.23372950550396,6.0
1140,384.7124289593678,1.0
1141,388.7546487373075,2.0
1142,397.03907987257793,3.0
1143,425.7452368504391,4.0
1144,392.51694013229263,5.0
1145,420.3900387198056,6.0
1146,381.4117008755358,1.0
1147,370.7195582983055,2.0
1148,349.92604833992124,3.0
1149,344.078203426428,4.0
1150,397.9659685728389,5.0
1151,407.8056667064619,6.0
1152,425.14090837508763,1.0
1153,432.8091907727087,2.0
1154,386.8676678821485,3.0
1155,448.6424587527735,4.0
1156,433.4125616934797,5.0
1157,435.0341835058774,6.0
1158,406.5130167504118,1.0
1159,374.71801847130286,2.0
1160,408.013744323112,3.0
1161,427.424669186261,4.0
1162,376.671859571418,5.0
1163,383.0931917533176,6.0
1164,335.95320129941405,1.0
1165,328.42472296317214,2.0
1166,329.91137872342597,3.0
1167,337.47487227660463,4.0
1168,336.2305126248801,5.0
1169,338.4737405967557,6.0
1170,402.766074004188,1.0
1171,416.9082916170853,2.0
1172,391.76139859588443,3.0
1173,426.27892791428275,4.0
1174,448.445308250903,5.0
1175,429.97360712928486,6.0
1176,357.6754336789905,1.0
1177,312.18298329044126,2.0
1178,354.5328080326535,3.0
1179,336.30628091686276,4.0
1180,347.22823086909244,5.0
1181,357.3508667776633,6.0
