,goodness,generation number
0,7,1
1,7,1
2,7,1
3,7,1
4,7,1
5,7,1
6,3,1
7,7,1
8,7,1
9,7,1
10,7,1
11,6,1
12,7,1
13,7,1
14,7,1
15,7,1
16,7,1
17,7,1
18,7,1
19,7,1
20,7,1
21,7,1
22,7,1
23,6,1
24,7,1
25,1,1
26,7,1
27,4,1
28,7,1
29,7,1
30,2,1
31,7,1
32,7,1
33,7,1
34,6,1
35,7,1
36,7,1
37,3,1
38,7,1
39,6,1
40,6,1
41,7,1
42,7,1
43,7,1
44,7,1
45,5,1
46,7,1
47,7,1
48,7,1
49,5,1
50,7,1
51,7,1
52,7,1
53,7,1
54,7,1
55,7,1
56,7,1
57,7,1
58,7,1
59,7,1
60,6,1
61,4,1
62,7,1
63,7,1
64,7,1
65,7,1
66,7,1
67,7,1
68,5,1
69,7,1
70,7,1
71,7,1
72,7,1
73,7,1
74,7,1
75,7,1
76,6,1
77,7,1
78,7,1
79,7,1
80,7,1
81,7,1
82,6,1
83,7,1
84,7,1
85,7,1
86,7,1
87,7,1
88,7,1
89,7,1
90,7,1
91,6,1
92,6,1
93,5,1
94,7,1
95,7,1
96,7,1
97,7,1
98,6,1
99,7,1
100,7,1
101,7,1
102,7,1
103,7,1
104,6,1
105,7,1
106,7,1
107,7,1
108,7,1
109,7,1
110,7,1
111,7,1
112,6,1
113,7,1
114,7,1
115,7,1
116,7,1
117,7,1
118,7,1
119,7,1
120,7,1
121,7,1
122,7,1
123,7,1
124,6,1
125,7,1
126,6,1
127,7,1
128,7,1
129,7,1
130,7,1
131,7,1
132,6,1
133,7,1
134,1,1
135,7,1
136,7,1
137,7,1
138,7,1
139,7,1
140,7,1
141,7,1
142,7,1
143,7,1
144,7,1
145,7,1
146,7,1
147,7,1
148,7,1
149,7,1
150,7,1
151,7,1
152,7,1
153,7,1
154,7,1
155,7,1
156,7,1
157,7,1
158,7,1
159,7,1
160,7,1
161,7,1
162,6,1
163,7,1
164,7,1
165,7,1
166,7,1
167,7,1
168,7,1
169,7,1
170,7,1
171,7,1
172,6,1
173,7,1
174,7,1
175,7,1
176,7,1
177,7,1
178,7,1
179,6,1
180,7,1
181,6,1
182,6,1
183,7,1
184,7,1
185,7,1
186,7,1
187,7,1
188,7,1
189,7,1
190,7,1
191,7,1
192,6,1
193,7,1
194,6,1
195,7,1
196,7,1
197,7,1
198,7,1
199,7,1
200,7,1
201,7,1
202,7,1
203,7,1
204,7,1
205,6,1
206,7,1
207,7,1
208,7,1
209,7,1
210,7,1
211,6,1
212,7,1
213,7,1
214,2,1
215,7,1
216,7,1
217,7,1
218,6,1
219,7,1
220,7,1
221,7,1
222,7,1
223,7,1
224,7,1
225,7,1
226,7,1
227,7,1
228,7,1
229,6,1
230,7,1
231,7,1
232,7,1
233,7,1
234,6,1
235,7,1
236,7,1
237,7,1
238,7,1
239,7,1
240,7,1
241,7,1
242,6,1
243,7,1
244,7,1
245,7,1
246,7,1
247,6,1
248,5,1
249,7,1
250,7,1
251,7,1
252,7,1
253,7,1
254,7,1
255,7,1
256,7,1
257,7,1
258,7,1
259,7,1
260,7,1
261,7,1
262,7,1
263,7,1
264,6,1
265,7,1
266,3,1
267,6,1
268,7,1
269,7,1
270,7,1
271,7,1
272,7,1
273,6,1
274,7,1
275,5,1
276,6,1
277,7,1
278,7,1
279,7,1
280,3,1
281,7,1
282,7,1
283,7,1
284,7,1
285,7,1
286,7,1
287,4,1
288,6,1
289,7,1
290,7,1
291,6,1
292,7,1
293,6,1
294,6,1
295,7,1
296,7,1
297,7,1
298,7,1
299,7,1
300,7,1
301,7,1
302,7,1
303,7,1
304,7,1
305,7,1
306,7,1
307,7,1
308,7,1
309,7,1
310,6,1
311,7,1
312,7,1
313,7,1
314,7,1
315,7,1
316,4,1
317,6,1
318,7,1
319,6,1
320,7,1
321,5,1
322,7,1
323,7,1
324,7,1
325,7,1
326,7,1
327,7,1
328,7,1
329,2,1
330,6,1
331,6,1
332,7,1
333,7,1
334,7,1
335,7,1
336,7,1
337,2,1
338,7,1
339,7,1
340,7,1
341,7,1
342,4,1
343,7,1
344,6,1
345,7,1
346,7,1
347,7,1
348,4,1
349,6,1
350,7,1
351,7,1
352,6,1
353,7,1
354,7,1
355,7,1
356,7,1
357,4,1
358,7,1
359,7,1
360,7,1
361,7,1
362,7,1
363,6,1
364,5,1
365,6,1
366,5,1
367,7,1
368,7,1
369,7,1
370,7,1
371,7,1
372,7,1
373,7,1
374,6,1
375,7,1
376,7,1
377,7,1
378,7,1
379,7,1
380,7,1
381,6,1
382,7,1
383,7,1
384,7,1
385,4,1
386,7,1
387,5,1
388,6,1
389,6,1
390,6,1
391,5,1
392,7,1
393,6,1
394,7,1
395,7,1
396,6,1
397,7,1
398,6,1
399,7,1
400,7,1
401,7,1
402,7,1
403,7,1
404,6,1
405,7,1
406,7,1
407,6,1
408,7,2
409,7,2
410,7,2
411,7,2
412,7,2
413,6,2
414,3,2
415,7,2
416,7,2
417,7,2
418,7,2
419,6,2
420,7,2
421,7,2
422,7,2
423,7,2
424,6,2
425,7,2
426,6,2
427,7,2
428,6,2
429,7,2
430,7,2
431,7,2
432,2,2
433,7,2
434,7,2
435,7,2
436,7,2
437,7,2
438,6,2
439,7,2
440,7,2
441,7,2
442,6,2
443,7,2
444,7,2
445,7,2
446,7,2
447,6,2
448,7,2
449,7,2
450,7,2
451,7,2
452,6,2
453,7,2
454,7,2
455,7,2
456,7,2
457,7,2
458,7,2
459,7,2
460,7,2
461,5,2
462,7,2
463,7,2
464,7,2
465,7,2
466,7,2
467,7,2
468,3,2
469,6,2
470,7,2
471,7,2
472,7,2
473,6,2
474,7,2
475,7,2
476,7,2
477,7,2
478,6,2
479,5,2
480,7,2
481,7,2
482,7,2
483,7,2
484,5,2
485,7,2
486,4,2
487,7,2
488,6,2
489,7,2
490,6,2
491,7,2
492,7,2
493,7,2
494,7,2
495,2,2
496,7,2
497,7,2
498,7,2
499,6,2
500,7,2
501,6,2
502,7,2
503,7,2
504,7,2
505,7,2
506,3,2
507,7,2
508,7,2
509,3,2
510,7,2
511,7,2
512,6,2
513,6,2
514,7,2
515,7,2
516,6,2
517,7,2
518,7,2
519,3,2
520,6,2
521,7,2
522,6,2
523,7,2
524,7,2
525,6,2
526,7,2
527,7,2
528,7,2
529,7,2
530,6,2
531,7,2
532,6,2
533,7,2
534,7,2
535,7,2
536,7,2
537,7,2
538,7,2
539,7,2
540,6,2
541,6,2
542,6,2
543,6,2
544,7,2
545,7,2
546,6,2
547,7,2
548,7,2
549,7,2
550,7,2
551,7,2
552,7,2
553,4,2
554,7,2
555,7,2
556,7,2
557,7,2
558,7,2
559,7,2
560,7,2
561,7,2
562,7,2
563,7,2
564,7,2
565,7,2
566,7,2
567,7,2
568,7,2
569,7,2
570,7,2
571,6,2
572,7,2
573,7,2
574,7,2
575,7,2
576,7,2
577,7,2
578,7,2
579,7,2
580,6,2
581,5,2
582,7,2
583,7,2
584,7,2
585,7,2
586,7,2
587,7,2
588,3,2
589,6,2
590,3,2
591,7,2
592,6,2
593,7,2
594,7,2
595,7,2
596,7,2
597,7,2
598,7,2
599,7,2
600,5,2
601,7,2
602,7,2
603,7,2
604,7,2
605,7,2
606,7,2
607,7,2
608,7,2
609,7,2
610,7,2
611,7,2
612,7,2
613,7,2
614,7,2
615,7,2
616,6,2
617,7,2
618,7,2
619,4,2
620,7,2
621,7,2
622,1,2
623,7,2
624,7,2
625,7,2
626,7,2
627,3,2
628,7,2
629,7,2
630,7,2
631,7,2
632,7,2
633,7,2
634,7,2
635,7,2
636,7,2
637,6,2
638,7,2
639,7,2
640,7,2
641,7,2
642,6,2
643,7,2
644,7,2
645,6,2
646,7,2
647,7,2
648,7,2
649,7,2
650,6,2
651,7,2
652,7,2
653,7,2
654,7,2
655,6,2
656,3,2
657,7,2
658,7,2
659,7,2
660,5,2
661,7,2
662,3,2
663,7,2
664,7,2
665,7,2
666,4,2
667,3,2
668,7,2
669,7,2
670,7,2
671,7,2
672,6,2
673,7,2
674,4,2
675,7,2
676,7,2
677,7,2
678,7,2
679,5,2
680,7,2
681,6,2
682,6,2
683,7,2
684,6,2
685,7,2
686,3,2
687,4,2
688,3,2
689,7,2
690,7,2
691,4,2
692,2,2
693,7,2
694,7,2
695,6,2
696,7,2
697,4,2
698,7,2
699,6,2
700,7,2
701,6,2
702,7,2
703,7,2
704,7,2
705,3,2
706,7,2
707,4,2
708,7,2
709,7,2
710,5,2
711,1,2
712,7,2
713,7,2
714,7,2
715,6,2
716,5,2
717,7,2
718,2,2
719,6,2
720,7,2
721,7,2
722,7,2
723,7,2
724,1,2
725,7,2
726,6,2
727,1,2
728,3,2
729,4,2
730,7,2
731,7,2
732,7,2
733,7,2
734,6,2
735,7,2
736,7,2
737,4,2
738,6,2
739,6,2
740,5,2
741,7,2
742,6,2
743,1,2
744,4,2
745,4,2
746,5,2
747,7,2
748,7,2
749,5,2
750,6,2
751,5,2
752,7,2
753,7,2
754,5,2
755,5,2
756,6,2
757,4,2
758,7,2
759,3,2
760,4,2
761,7,2
762,7,2
763,7,2
764,1,2
765,7,2
766,7,2
767,7,2
768,7,2
769,6,2
770,7,2
771,6,2
772,7,2
773,6,2
774,4,2
775,7,2
776,7,2
777,7,2
778,7,2
779,7,2
780,7,2
781,7,2
782,6,2
783,7,2
784,7,2
785,7,2
786,1,2
787,7,2
788,2,2
789,6,2
790,7,2
791,7,2
792,7,2
793,1,2
794,6,2
795,5,2
796,6,2
797,6,2
798,6,2
799,6,2
800,7,2
801,6,2
802,7,2
803,7,2
804,7,2
805,7,2
806,7,2
807,7,2
808,7,2
809,7,2
810,7,2
811,7,2
812,6,2
813,7,2
814,7,2
815,7,2
816,7,3
817,6,3
818,7,3
819,3,3
820,7,3
821,4,3
822,6,3
823,7,3
824,7,3
825,7,3
826,7,3
827,6,3
828,7,3
829,6,3
830,7,3
831,7,3
832,4,3
833,7,3
834,3,3
835,7,3
836,6,3
837,7,3
838,4,3
839,6,3
840,2,3
841,3,3
842,7,3
843,7,3
844,7,3
845,5,3
846,4,3
847,7,3
848,7,3
849,7,3
850,6,3
851,7,3
852,7,3
853,7,3
854,7,3
855,6,3
856,7,3
857,7,3
858,7,3
859,7,3
860,6,3
861,5,3
862,6,3
863,7,3
864,7,3
865,7,3
866,7,3
867,4,3
868,7,3
869,6,3
870,7,3
871,7,3
872,7,3
873,7,3
874,7,3
875,6,3
876,4,3
877,6,3
878,7,3
879,7,3
880,5,3
881,6,3
882,6,3
883,7,3
884,7,3
885,7,3
886,7,3
887,7,3
888,7,3
889,7,3
890,7,3
891,7,3
892,6,3
893,7,3
894,7,3
895,7,3
896,6,3
897,6,3
898,6,3
899,5,3
900,7,3
901,7,3
902,6,3
903,2,3
904,7,3
905,7,3
906,7,3
907,6,3
908,2,3
909,7,3
910,7,3
911,7,3
912,6,3
913,7,3
914,1,3
915,7,3
916,2,3
917,7,3
918,7,3
919,7,3
920,7,3
921,7,3
922,7,3
923,7,3
924,7,3
925,7,3
926,6,3
927,3,3
928,6,3
929,7,3
930,7,3
931,7,3
932,7,3
933,6,3
934,7,3
935,7,3
936,6,3
937,7,3
938,6,3
939,7,3
940,6,3
941,7,3
942,6,3
943,7,3
944,7,3
945,7,3
946,7,3
947,7,3
948,7,3
949,6,3
950,2,3
951,7,3
952,7,3
953,7,3
954,7,3
955,7,3
956,7,3
957,7,3
958,7,3
959,7,3
960,7,3
961,6,3
962,7,3
963,7,3
964,7,3
965,7,3
966,7,3
967,7,3
968,7,3
969,7,3
970,7,3
971,7,3
972,7,3
973,7,3
974,7,3
975,6,3
976,5,3
977,7,3
978,6,3
979,7,3
980,7,3
981,7,3
982,7,3
983,7,3
984,7,3
985,7,3
986,7,3
987,7,3
988,6,3
989,7,3
990,7,3
991,7,3
992,7,3
993,7,3
994,3,3
995,7,3
996,7,3
997,7,3
998,7,3
999,7,3
1000,6,3
1001,7,3
1002,7,3
1003,7,3
1004,7,3
1005,7,3
1006,7,3
1007,7,3
1008,5,3
1009,7,3
1010,5,3
1011,7,3
1012,7,3
1013,7,3
1014,7,3
1015,7,3
1016,7,3
1017,7,3
1018,7,3
1019,7,3
1020,7,3
1021,7,3
1022,7,3
1023,7,3
1024,5,3
1025,7,3
1026,7,3
1027,7,3
1028,7,3
1029,7,3
1030,7,3
1031,7,3
1032,7,3
1033,7,3
1034,5,3
1035,7,3
1036,7,3
1037,5,3
1038,7,3
1039,7,3
1040,5,3
1041,7,3
1042,7,3
1043,2,3
1044,6,3
1045,7,3
1046,7,3
1047,7,3
1048,6,3
1049,3,3
1050,7,3
1051,7,3
1052,6,3
1053,7,3
1054,7,3
1055,7,3
1056,7,3
1057,6,3
1058,7,3
1059,6,3
1060,7,3
1061,6,3
1062,6,3
1063,7,3
1064,7,3
1065,7,3
1066,7,3
1067,7,3
1068,1,3
1069,3,3
1070,7,3
1071,6,3
1072,7,3
1073,7,3
1074,7,3
1075,7,3
1076,3,3
1077,7,3
1078,7,3
1079,7,3
1080,7,3
1081,7,3
1082,7,3
1083,6,3
1084,7,3
1085,7,3
1086,7,3
1087,6,3
1088,7,3
1089,6,3
1090,6,3
1091,7,3
1092,5,3
1093,7,3
1094,3,3
1095,2,3
1096,1,3
1097,6,3
1098,7,3
1099,7,3
1100,4,3
1101,6,3
1102,7,3
1103,4,3
1104,7,3
1105,6,3
1106,6,3
1107,3,3
1108,2,3
1109,4,3
1110,3,3
1111,7,3
1112,4,3
1113,7,3
1114,4,3
1115,6,3
1116,6,3
1117,7,3
1118,2,3
1119,7,3
1120,7,3
1121,7,3
1122,5,3
1123,7,3
1124,5,3
1125,7,3
1126,4,3
1127,1,3
1128,3,3
1129,7,3
1130,7,3
1131,5,3
1132,6,3
1133,7,3
1134,7,3
1135,7,3
1136,7,3
1137,7,3
1138,7,3
1139,7,3
1140,5,3
1141,7,3
1142,7,3
1143,7,3
1144,6,3
1145,6,3
1146,4,3
1147,7,3
1148,7,3
1149,3,3
1150,4,3
1151,3,3
1152,6,3
1153,7,3
1154,5,3
1155,7,3
1156,6,3
1157,7,3
1158,3,3
1159,7,3
1160,6,3
1161,2,3
1162,4,3
1163,4,3
1164,7,3
1165,4,3
1166,4,3
1167,7,3
1168,7,3
1169,7,3
1170,1,3
1171,1,3
1172,7,3
1173,7,3
1174,6,3
1175,7,3
1176,7,3
1177,7,3
1178,7,3
1179,6,3
1180,4,3
1181,7,3
1182,7,3
1183,7,3
1184,7,3
1185,7,3
1186,7,3
1187,7,3
1188,6,3
1189,6,3
1190,7,3
1191,7,3
1192,6,3
1193,7,3
1194,7,3
1195,5,3
1196,7,3
1197,7,3
1198,7,3
1199,2,3
1200,7,3
1201,4,3
1202,6,3
1203,6,3
1204,6,3
1205,7,3
1206,7,3
1207,6,3
1208,7,3
1209,7,3
1210,6,3
1211,7,3
1212,7,3
1213,7,3
1214,7,3
1215,1,3
1216,7,3
1217,7,3
1218,6,3
1219,7,3
1220,7,3
1221,7,3
1222,7,4
1223,7,4
1224,7,4
1225,7,4
1226,7,4
1227,5,4
1228,6,4
1229,7,4
1230,7,4
1231,3,4
1232,7,4
1233,6,4
1234,6,4
1235,1,4
1236,7,4
1237,7,4
1238,7,4
1239,7,4
1240,6,4
1241,7,4
1242,6,4
1243,7,4
1244,7,4
1245,6,4
1246,3,4
1247,7,4
1248,7,4
1249,6,4
1250,6,4
1251,2,4
1252,5,4
1253,7,4
1254,7,4
1255,7,4
1256,6,4
1257,7,4
1258,7,4
1259,7,4
1260,7,4
1261,6,4
1262,7,4
1263,7,4
1264,7,4
1265,7,4
1266,6,4
1267,7,4
1268,6,4
1269,7,4
1270,7,4
1271,6,4
1272,7,4
1273,6,4
1274,7,4
1275,7,4
1276,7,4
1277,3,4
1278,7,4
1279,7,4
1280,7,4
1281,3,4
1282,3,4
1283,6,4
1284,7,4
1285,7,4
1286,6,4
1287,7,4
1288,6,4
1289,7,4
1290,7,4
1291,7,4
1292,6,4
1293,7,4
1294,7,4
1295,7,4
1296,7,4
1297,7,4
1298,6,4
1299,6,4
1300,7,4
1301,7,4
1302,6,4
1303,6,4
1304,6,4
1305,7,4
1306,7,4
1307,7,4
1308,6,4
1309,6,4
1310,7,4
1311,7,4
1312,7,4
1313,6,4
1314,6,4
1315,7,4
1316,7,4
1317,7,4
1318,6,4
1319,7,4
1320,4,4
1321,7,4
1322,4,4
1323,7,4
1324,4,4
1325,7,4
1326,7,4
1327,7,4
1328,7,4
1329,7,4
1330,7,4
1331,1,4
1332,6,4
1333,7,4
1334,5,4
1335,6,4
1336,7,4
1337,7,4
1338,7,4
1339,7,4
1340,7,4
1341,7,4
1342,7,4
1343,7,4
1344,6,4
1345,7,4
1346,6,4
1347,7,4
1348,7,4
1349,7,4
1350,7,4
1351,7,4
1352,7,4
1353,7,4
1354,6,4
1355,6,4
1356,6,4
1357,7,4
1358,7,4
1359,7,4
1360,6,4
1361,7,4
1362,5,4
1363,7,4
1364,7,4
1365,7,4
1366,7,4
1367,4,4
1368,7,4
1369,7,4
1370,6,4
1371,7,4
1372,7,4
1373,7,4
1374,7,4
1375,7,4
1376,7,4
1377,7,4
1378,7,4
1379,7,4
1380,7,4
1381,6,4
1382,6,4
1383,7,4
1384,6,4
1385,7,4
1386,7,4
1387,7,4
1388,7,4
1389,7,4
1390,7,4
1391,7,4
1392,7,4
1393,7,4
1394,6,4
1395,7,4
1396,7,4
1397,7,4
1398,7,4
1399,7,4
1400,7,4
1401,7,4
1402,7,4
1403,7,4
1404,7,4
1405,7,4
1406,5,4
1407,7,4
1408,7,4
1409,7,4
1410,7,4
1411,7,4
1412,7,4
1413,3,4
1414,6,4
1415,7,4
1416,6,4
1417,7,4
1418,7,4
1419,7,4
1420,7,4
1421,7,4
1422,7,4
1423,6,4
1424,7,4
1425,1,4
1426,7,4
1427,7,4
1428,7,4
1429,7,4
1430,7,4
1431,7,4
1432,7,4
1433,5,4
1434,7,4
1435,7,4
1436,6,4
1437,7,4
1438,7,4
1439,7,4
1440,6,4
1441,7,4
1442,7,4
1443,7,4
1444,7,4
1445,7,4
1446,7,4
1447,7,4
1448,7,4
1449,7,4
1450,7,4
1451,6,4
1452,7,4
1453,7,4
1454,7,4
1455,7,4
1456,6,4
1457,7,4
1458,7,4
1459,6,4
1460,7,4
1461,6,4
1462,7,4
1463,7,4
1464,6,4
1465,7,4
1466,7,4
1467,7,4
1468,7,4
1469,6,4
1470,7,4
1471,7,4
1472,7,4
1473,7,4
1474,7,4
1475,7,4
1476,7,4
1477,3,4
1478,7,4
1479,6,4
1480,4,4
1481,6,4
1482,7,4
1483,7,4
1484,6,4
1485,4,4
1486,3,4
1487,7,4
1488,5,4
1489,4,4
1490,7,4
1491,6,4
1492,2,4
1493,7,4
1494,7,4
1495,7,4
1496,7,4
1497,7,4
1498,5,4
1499,7,4
1500,3,4
1501,7,4
1502,4,4
1503,1,4
1504,1,4
1505,6,4
1506,5,4
1507,7,4
1508,4,4
1509,5,4
1510,7,4
1511,4,4
1512,7,4
1513,6,4
1514,5,4
1515,6,4
1516,4,4
1517,7,4
1518,3,4
1519,4,4
1520,7,4
1521,7,4
1522,4,4
1523,7,4
1524,7,4
1525,7,4
1526,1,4
1527,7,4
1528,7,4
1529,7,4
1530,6,4
1531,7,4
1532,5,4
1533,4,4
1534,2,4
1535,1,4
1536,3,4
1537,7,4
1538,4,4
1539,5,4
1540,6,4
1541,7,4
1542,7,4
1543,7,4
1544,7,4
1545,7,4
1546,6,4
1547,7,4
1548,7,4
1549,7,4
1550,7,4
1551,4,4
1552,7,4
1553,3,4
1554,5,4
1555,7,4
1556,4,4
1557,7,4
1558,7,4
1559,2,4
1560,6,4
1561,7,4
1562,7,4
1563,5,4
1564,3,4
1565,7,4
1566,7,4
1567,7,4
1568,7,4
1569,1,4
1570,6,4
1571,6,4
1572,7,4
1573,2,4
1574,7,4
1575,7,4
1576,7,4
1577,7,4
1578,6,4
1579,4,4
1580,7,4
1581,7,4
1582,7,4
1583,7,4
1584,7,4
1585,5,4
1586,7,4
1587,6,4
1588,4,4
1589,5,4
1590,7,4
1591,7,4
1592,7,4
1593,3,4
1594,7,4
1595,7,4
1596,6,4
1597,6,4
1598,7,4
1599,7,4
1600,7,4
1601,7,4
1602,2,4
1603,6,4
1604,7,4
1605,7,4
1606,7,4
1607,4,4
1608,2,4
1609,4,4
1610,6,4
1611,6,4
1612,7,4
1613,6,4
1614,7,4
1615,6,4
1616,7,4
1617,6,4
1618,4,4
1619,7,4
1620,7,4
1621,7,4
1622,7,4
1623,1,4
1624,7,4
1625,7,4
1626,6,4
1627,7,4
1628,7,4
1629,3,4
1630,7,5
1631,6,5
1632,7,5
1633,6,5
1634,7,5
1635,5,5
1636,6,5
1637,7,5
1638,7,5
1639,7,5
1640,7,5
1641,7,5
1642,6,5
1643,7,5
1644,7,5
1645,7,5
1646,6,5
1647,7,5
1648,2,5
1649,7,5
1650,7,5
1651,7,5
1652,4,5
1653,6,5
1654,5,5
1655,7,5
1656,7,5
1657,6,5
1658,7,5
1659,6,5
1660,4,5
1661,7,5
1662,7,5
1663,7,5
1664,6,5
1665,7,5
1666,7,5
1667,7,5
1668,7,5
1669,6,5
1670,7,5
1671,7,5
1672,7,5
1673,5,5
1674,6,5
1675,1,5
1676,7,5
1677,4,5
1678,7,5
1679,6,5
1680,7,5
1681,4,5
1682,7,5
1683,7,5
1684,7,5
1685,6,5
1686,7,5
1687,7,5
1688,7,5
1689,7,5
1690,5,5
1691,7,5
1692,7,5
1693,7,5
1694,6,5
1695,7,5
1696,7,5
1697,7,5
1698,6,5
1699,7,5
1700,6,5
1701,7,5
1702,7,5
1703,7,5
1704,2,5
1705,7,5
1706,7,5
1707,6,5
1708,6,5
1709,6,5
1710,6,5
1711,6,5
1712,6,5
1713,3,5
1714,7,5
1715,7,5
1716,7,5
1717,6,5
1718,7,5
1719,7,5
1720,7,5
1721,6,5
1722,5,5
1723,4,5
1724,7,5
1725,7,5
1726,6,5
1727,7,5
1728,5,5
1729,7,5
1730,2,5
1731,7,5
1732,7,5
1733,7,5
1734,7,5
1735,7,5
1736,7,5
1737,7,5
1738,7,5
1739,7,5
1740,6,5
1741,7,5
1742,6,5
1743,7,5
1744,7,5
1745,7,5
1746,7,5
1747,4,5
1748,7,5
1749,7,5
1750,7,5
1751,7,5
1752,7,5
1753,7,5
1754,6,5
1755,7,5
1756,7,5
1757,7,5
1758,6,5
1759,6,5
1760,7,5
1761,7,5
1762,6,5
1763,5,5
1764,7,5
1765,7,5
1766,7,5
1767,7,5
1768,6,5
1769,4,5
1770,5,5
1771,7,5
1772,7,5
1773,7,5
1774,7,5
1775,4,5
1776,7,5
1777,7,5
1778,7,5
1779,7,5
1780,7,5
1781,6,5
1782,7,5
1783,6,5
1784,7,5
1785,7,5
1786,7,5
1787,7,5
1788,7,5
1789,7,5
1790,7,5
1791,7,5
1792,6,5
1793,7,5
1794,7,5
1795,7,5
1796,7,5
1797,7,5
1798,7,5
1799,7,5
1800,7,5
1801,7,5
1802,6,5
1803,7,5
1804,7,5
1805,7,5
1806,7,5
1807,7,5
1808,7,5
1809,6,5
1810,7,5
1811,6,5
1812,7,5
1813,7,5
1814,6,5
1815,7,5
1816,7,5
1817,6,5
1818,7,5
1819,7,5
1820,7,5
1821,6,5
1822,6,5
1823,7,5
1824,7,5
1825,7,5
1826,7,5
1827,7,5
1828,7,5
1829,6,5
1830,7,5
1831,7,5
1832,7,5
1833,7,5
1834,7,5
1835,1,5
1836,7,5
1837,7,5
1838,3,5
1839,7,5
1840,7,5
1841,5,5
1842,6,5
1843,7,5
1844,1,5
1845,7,5
1846,7,5
1847,7,5
1848,7,5
1849,3,5
1850,7,5
1851,7,5
1852,7,5
1853,6,5
1854,7,5
1855,7,5
1856,7,5
1857,7,5
1858,7,5
1859,6,5
1860,7,5
1861,7,5
1862,7,5
1863,7,5
1864,7,5
1865,7,5
1866,7,5
1867,6,5
1868,7,5
1869,7,5
1870,7,5
1871,7,5
1872,6,5
1873,7,5
1874,7,5
1875,7,5
1876,5,5
1877,6,5
1878,7,5
1879,7,5
1880,7,5
1881,7,5
1882,7,5
1883,7,5
1884,7,5
1885,2,5
1886,7,5
1887,6,5
1888,4,5
1889,3,5
1890,7,5
1891,7,5
1892,3,5
1893,3,5
1894,7,5
1895,7,5
1896,4,5
1897,6,5
1898,7,5
1899,7,5
1900,2,5
1901,7,5
1902,7,5
1903,7,5
1904,5,5
1905,3,5
1906,6,5
1907,7,5
1908,7,5
1909,3,5
1910,1,5
1911,7,5
1912,1,5
1913,6,5
1914,4,5
1915,7,5
1916,6,5
1917,3,5
1918,6,5
1919,4,5
1920,6,5
1921,2,5
1922,7,5
1923,2,5
1924,4,5
1925,4,5
1926,5,5
1927,3,5
1928,7,5
1929,6,5
1930,3,5
1931,7,5
1932,7,5
1933,3,5
1934,1,5
1935,2,5
1936,7,5
1937,7,5
1938,6,5
1939,7,5
1940,5,5
1941,7,5
1942,3,5
1943,7,5
1944,2,5
1945,7,5
1946,7,5
1947,6,5
1948,6,5
1949,6,5
1950,7,5
1951,7,5
1952,7,5
1953,7,5
1954,7,5
1955,7,5
1956,4,5
1957,7,5
1958,7,5
1959,4,5
1960,5,5
1961,6,5
1962,6,5
1963,7,5
1964,1,5
1965,6,5
1966,5,5
1967,4,5
1968,6,5
1969,7,5
1970,5,5
1971,5,5
1972,6,5
1973,3,5
1974,7,5
1975,2,5
1976,7,5
1977,2,5
1978,6,5
1979,5,5
1980,7,5
1981,7,5
1982,6,5
1983,7,5
1984,7,5
1985,7,5
1986,1,5
1987,1,5
1988,7,5
1989,7,5
1990,7,5
1991,7,5
1992,7,5
1993,7,5
1994,7,5
1995,6,5
1996,7,5
1997,5,5
1998,7,5
1999,7,5
2000,7,5
2001,6,5
2002,7,5
2003,7,5
2004,6,5
2005,7,5
2006,7,5
2007,6,5
2008,7,5
2009,6,5
2010,2,5
2011,7,5
2012,7,5
2013,7,5
2014,1,5
2015,7,5
2016,4,5
2017,6,5
2018,6,5
2019,7,5
2020,7,5
2021,7,5
2022,6,5
2023,4,5
2024,3,5
2025,6,5
2026,7,5
2027,7,5
2028,7,5
2029,6,5
2030,3,5
2031,7,5
2032,6,5
2033,7,5
2034,7,5
2035,7,5
2036,1,5
2037,7,6
2038,1,6
2039,6,6
2040,7,6
2041,7,6
2042,2,6
2043,6,6
2044,7,6
2045,7,6
2046,4,6
2047,7,6
2048,5,6
2049,6,6
2050,7,6
2051,7,6
2052,6,6
2053,7,6
2054,7,6
2055,1,6
2056,7,6
2057,6,6
2058,7,6
2059,6,6
2060,6,6
2061,7,6
2062,7,6
2063,7,6
2064,6,6
2065,6,6
2066,3,6
2067,7,6
2068,4,6
2069,7,6
2070,6,6
2071,7,6
2072,7,6
2073,7,6
2074,7,6
2075,6,6
2076,7,6
2077,7,6
2078,7,6
2079,7,6
2080,6,6
2081,7,6
2082,7,6
2083,4,6
2084,7,6
2085,6,6
2086,7,6
2087,7,6
2088,7,6
2089,7,6
2090,7,6
2091,7,6
2092,1,6
2093,7,6
2094,7,6
2095,7,6
2096,6,6
2097,6,6
2098,7,6
2099,7,6
2100,6,6
2101,6,6
2102,6,6
2103,7,6
2104,7,6
2105,7,6
2106,7,6
2107,7,6
2108,7,6
2109,4,6
2110,1,6
2111,7,6
2112,6,6
2113,6,6
2114,1,6
2115,7,6
2116,6,6
2117,7,6
2118,6,6
2119,7,6
2120,7,6
2121,7,6
2122,7,6
2123,4,6
2124,7,6
2125,7,6
2126,7,6
2127,6,6
2128,6,6
2129,7,6
2130,7,6
2131,7,6
2132,7,6
2133,3,6
2134,4,6
2135,7,6
2136,7,6
2137,6,6
2138,7,6
2139,7,6
2140,7,6
2141,6,6
2142,7,6
2143,7,6
2144,7,6
2145,7,6
2146,4,6
2147,6,6
2148,6,6
2149,6,6
2150,5,6
2151,7,6
2152,7,6
2153,7,6
2154,7,6
2155,7,6
2156,6,6
2157,7,6
2158,7,6
2159,6,6
2160,7,6
2161,6,6
2162,7,6
2163,4,6
2164,7,6
2165,7,6
2166,7,6
2167,7,6
2168,5,6
2169,1,6
2170,7,6
2171,7,6
2172,7,6
2173,7,6
2174,7,6
2175,7,6
2176,7,6
2177,7,6
2178,7,6
2179,7,6
2180,6,6
2181,7,6
2182,7,6
2183,6,6
2184,7,6
2185,7,6
2186,6,6
2187,7,6
2188,7,6
2189,7,6
2190,7,6
2191,7,6
2192,7,6
2193,7,6
2194,6,6
2195,6,6
2196,7,6
2197,6,6
2198,7,6
2199,5,6
2200,7,6
2201,7,6
2202,7,6
2203,6,6
2204,7,6
2205,7,6
2206,7,6
2207,6,6
2208,5,6
2209,7,6
2210,7,6
2211,7,6
2212,7,6
2213,7,6
2214,7,6
2215,5,6
2216,6,6
2217,5,6
2218,7,6
2219,6,6
2220,7,6
2221,7,6
2222,7,6
2223,4,6
2224,6,6
2225,7,6
2226,6,6
2227,7,6
2228,7,6
2229,6,6
2230,7,6
2231,7,6
2232,7,6
2233,7,6
2234,7,6
2235,7,6
2236,7,6
2237,7,6
2238,3,6
2239,7,6
2240,4,6
2241,7,6
2242,5,6
2243,7,6
2244,7,6
2245,7,6
2246,5,6
2247,7,6
2248,7,6
2249,1,6
2250,7,6
2251,7,6
2252,7,6
2253,7,6
2254,3,6
2255,7,6
2256,7,6
2257,7,6
2258,7,6
2259,7,6
2260,7,6
2261,7,6
2262,7,6
2263,6,6
2264,6,6
2265,7,6
2266,7,6
2267,7,6
2268,7,6
2269,6,6
2270,5,6
2271,4,6
2272,6,6
2273,4,6
2274,7,6
2275,7,6
2276,7,6
2277,6,6
2278,7,6
2279,7,6
2280,7,6
2281,3,6
2282,6,6
2283,7,6
2284,7,6
2285,7,6
2286,7,6
2287,7,6
2288,2,6
2289,3,6
2290,7,6
2291,7,6
2292,7,6
2293,7,6
2294,7,6
2295,7,6
2296,6,6
2297,7,6
2298,7,6
2299,1,6
2300,6,6
2301,7,6
2302,3,6
2303,1,6
2304,6,6
2305,7,6
2306,7,6
2307,5,6
2308,3,6
2309,6,6
2310,7,6
2311,7,6
2312,7,6
2313,5,6
2314,3,6
2315,2,6
2316,6,6
2317,7,6
2318,7,6
2319,7,6
2320,4,6
2321,6,6
2322,2,6
2323,6,6
2324,6,6
2325,5,6
2326,3,6
2327,7,6
2328,3,6
2329,5,6
2330,2,6
2331,7,6
2332,7,6
2333,3,6
2334,7,6
2335,7,6
2336,7,6
2337,6,6
2338,7,6
2339,7,6
2340,3,6
2341,6,6
2342,7,6
2343,6,6
2344,7,6
2345,4,6
2346,3,6
2347,1,6
2348,7,6
2349,7,6
2350,4,6
2351,6,6
2352,7,6
2353,3,6
2354,7,6
2355,7,6
2356,7,6
2357,7,6
2358,7,6
2359,7,6
2360,7,6
2361,4,6
2362,3,6
2363,7,6
2364,4,6
2365,6,6
2366,7,6
2367,4,6
2368,2,6
2369,1,6
2370,5,6
2371,5,6
2372,7,6
2373,7,6
2374,6,6
2375,6,6
2376,7,6
2377,7,6
2378,4,6
2379,4,6
2380,3,6
2381,6,6
2382,6,6
2383,7,6
2384,3,6
2385,3,6
2386,7,6
2387,7,6
2388,7,6
2389,2,6
2390,4,6
2391,7,6
2392,7,6
2393,7,6
2394,7,6
2395,7,6
2396,7,6
2397,7,6
2398,4,6
2399,4,6
2400,7,6
2401,7,6
2402,7,6
2403,7,6
2404,7,6
2405,7,6
2406,3,6
2407,6,6
2408,7,6
2409,7,6
2410,7,6
2411,7,6
2412,6,6
2413,2,6
2414,7,6
2415,7,6
2416,7,6
2417,1,6
2418,7,6
2419,3,6
2420,6,6
2421,6,6
2422,7,6
2423,6,6
2424,7,6
2425,6,6
2426,7,6
2427,6,6
2428,7,6
2429,7,6
2430,7,6
2431,7,6
2432,7,6
2433,7,6
2434,5,6
2435,6,6
2436,7,6
2437,7,6
2438,2,6
2439,6,7
2440,6,7
2441,7,7
2442,7,7
2443,7,7
2444,5,7
2445,6,7
2446,7,7
2447,7,7
2448,1,7
2449,7,7
2450,6,7
2451,6,7
2452,7,7
2453,7,7
2454,6,7
2455,7,7
2456,7,7
2457,6,7
2458,7,7
2459,7,7
2460,7,7
2461,4,7
2462,6,7
2463,2,7
2464,6,7
2465,7,7
2466,6,7
2467,7,7
2468,3,7
2469,2,7
2470,7,7
2471,3,7
2472,7,7
2473,6,7
2474,7,7
2475,7,7
2476,7,7
2477,7,7
2478,6,7
2479,7,7
2480,7,7
2481,7,7
2482,7,7
2483,6,7
2484,1,7
2485,7,7
2486,6,7
2487,7,7
2488,6,7
2489,7,7
2490,7,7
2491,7,7
2492,7,7
2493,7,7
2494,6,7
2495,7,7
2496,7,7
2497,7,7
2498,6,7
2499,6,7
2500,3,7
2501,7,7
2502,7,7
2503,6,7
2504,4,7
2505,4,7
2506,7,7
2507,7,7
2508,7,7
2509,7,7
2510,7,7
2511,7,7
2512,7,7
2513,7,7
2514,7,7
2515,7,7
2516,6,7
2517,6,7
2518,7,7
2519,6,7
2520,6,7
2521,6,7
2522,5,7
2523,6,7
2524,7,7
2525,7,7
2526,6,7
2527,7,7
2528,7,7
2529,7,7
2530,6,7
2531,7,7
2532,7,7
2533,7,7
2534,7,7
2535,7,7
2536,7,7
2537,7,7
2538,7,7
2539,1,7
2540,3,7
2541,7,7
2542,7,7
2543,7,7
2544,7,7
2545,7,7
2546,7,7
2547,7,7
2548,2,7
2549,4,7
2550,6,7
2551,7,7
2552,6,7
2553,7,7
2554,7,7
2555,6,7
2556,7,7
2557,7,7
2558,7,7
2559,5,7
2560,7,7
2561,7,7
2562,6,7
2563,6,7
2564,4,7
2565,7,7
2566,7,7
2567,7,7
2568,2,7
2569,7,7
2570,7,7
2571,7,7
2572,1,7
2573,7,7
2574,7,7
2575,7,7
2576,6,7
2577,7,7
2578,7,7
2579,7,7
2580,7,7
2581,3,7
2582,7,7
2583,5,7
2584,7,7
2585,7,7
2586,1,7
2587,7,7
2588,7,7
2589,7,7
2590,7,7
2591,6,7
2592,7,7
2593,7,7
2594,7,7
2595,7,7
2596,7,7
2597,6,7
2598,7,7
2599,7,7
2600,6,7
2601,5,7
2602,7,7
2603,7,7
2604,7,7
2605,7,7
2606,6,7
2607,6,7
2608,7,7
2609,7,7
2610,6,7
2611,7,7
2612,7,7
2613,3,7
2614,7,7
2615,7,7
2616,7,7
2617,5,7
2618,7,7
2619,6,7
2620,6,7
2621,7,7
2622,6,7
2623,7,7
2624,7,7
2625,6,7
2626,7,7
2627,5,7
2628,7,7
2629,2,7
2630,6,7
2631,7,7
2632,6,7
2633,7,7
2634,7,7
2635,7,7
2636,7,7
2637,6,7
2638,6,7
2639,7,7
2640,5,7
2641,4,7
2642,7,7
2643,1,7
2644,7,7
2645,7,7
2646,7,7
2647,7,7
2648,7,7
2649,6,7
2650,7,7
2651,7,7
2652,3,7
2653,6,7
2654,7,7
2655,7,7
2656,7,7
2657,3,7
2658,7,7
2659,6,7
2660,7,7
2661,7,7
2662,7,7
2663,7,7
2664,7,7
2665,5,7
2666,6,7
2667,7,7
2668,7,7
2669,7,7
2670,7,7
2671,6,7
2672,7,7
2673,7,7
2674,6,7
2675,4,7
2676,6,7
2677,7,7
2678,7,7
2679,6,7
2680,7,7
2681,4,7
2682,7,7
2683,6,7
2684,6,7
2685,3,7
2686,7,7
2687,7,7
2688,7,7
2689,7,7
2690,7,7
2691,2,7
2692,3,7
2693,3,7
2694,7,7
2695,7,7
2696,7,7
2697,4,7
2698,6,7
2699,7,7
2700,7,7
2701,7,7
2702,6,7
2703,7,7
2704,2,7
2705,3,7
2706,6,7
2707,7,7
2708,7,7
2709,7,7
2710,6,7
2711,6,7
2712,4,7
2713,7,7
2714,4,7
2715,7,7
2716,2,7
2717,3,7
2718,5,7
2719,7,7
2720,7,7
2721,4,7
2722,4,7
2723,6,7
2724,6,7
2725,7,7
2726,4,7
2727,7,7
2728,2,7
2729,1,7
2730,7,7
2731,7,7
2732,7,7
2733,7,7
2734,7,7
2735,7,7
2736,7,7
2737,6,7
2738,7,7
2739,2,7
2740,4,7
2741,7,7
2742,5,7
2743,3,7
2744,7,7
2745,3,7
2746,2,7
2747,4,7
2748,3,7
2749,6,7
2750,7,7
2751,5,7
2752,6,7
2753,6,7
2754,6,7
2755,7,7
2756,2,7
2757,7,7
2758,7,7
2759,6,7
2760,7,7
2761,6,7
2762,7,7
2763,1,7
2764,7,7
2765,7,7
2766,4,7
2767,5,7
2768,2,7
2769,7,7
2770,7,7
2771,2,7
2772,5,7
2773,6,7
2774,7,7
2775,7,7
2776,6,7
2777,6,7
2778,6,7
2779,6,7
2780,7,7
2781,2,7
2782,7,7
2783,6,7
2784,6,7
2785,4,7
2786,7,7
2787,3,7
2788,7,7
2789,7,7
2790,7,7
2791,1,7
2792,2,7
2793,7,7
2794,6,7
2795,7,7
2796,7,7
2797,7,7
2798,7,7
2799,7,7
2800,5,7
2801,5,7
2802,3,7
2803,7,7
2804,7,7
2805,7,7
2806,2,7
2807,7,7
2808,7,7
2809,6,7
2810,7,7
2811,7,7
2812,6,7
2813,7,7
2814,7,7
2815,6,7
2816,3,7
2817,7,7
2818,7,7
2819,2,7
2820,7,7
2821,4,7
2822,3,7
2823,6,7
2824,7,7
2825,6,7
2826,7,7
2827,6,7
2828,5,7
2829,7,7
2830,6,7
2831,3,7
2832,7,7
2833,7,7
2834,7,7
2835,7,7
2836,5,7
2837,5,7
2838,7,7
2839,1,7
2840,3,7
2841,6,8
2842,2,8
2843,7,8
2844,7,8
2845,7,8
2846,7,8
2847,6,8
2848,7,8
2849,7,8
2850,7,8
2851,7,8
2852,7,8
2853,2,8
2854,7,8
2855,7,8
2856,7,8
2857,7,8
2858,7,8
2859,7,8
2860,7,8
2861,7,8
2862,7,8
2863,7,8
2864,6,8
2865,2,8
2866,7,8
2867,7,8
2868,5,8
2869,6,8
2870,2,8
2871,4,8
2872,7,8
2873,7,8
2874,7,8
2875,6,8
2876,7,8
2877,7,8
2878,5,8
2879,7,8
2880,6,8
2881,7,8
2882,7,8
2883,6,8
2884,7,8
2885,6,8
2886,1,8
2887,7,8
2888,7,8
2889,2,8
2890,6,8
2891,7,8
2892,6,8
2893,7,8
2894,6,8
2895,7,8
2896,7,8
2897,1,8
2898,3,8
2899,7,8
2900,2,8
2901,4,8
2902,7,8
2903,7,8
2904,7,8
2905,7,8
2906,4,8
2907,7,8
2908,7,8
2909,7,8
2910,7,8
2911,7,8
2912,7,8
2913,7,8
2914,7,8
2915,7,8
2916,7,8
2917,6,8
2918,6,8
2919,1,8
2920,7,8
2921,6,8
2922,7,8
2923,6,8
2924,7,8
2925,7,8
2926,7,8
2927,7,8
2928,5,8
2929,7,8
2930,3,8
2931,7,8
2932,6,8
2933,7,8
2934,7,8
2935,7,8
2936,7,8
2937,7,8
2938,7,8
2939,6,8
2940,7,8
2941,2,8
2942,2,8
2943,7,8
2944,7,8
2945,5,8
2946,7,8
2947,7,8
2948,7,8
2949,7,8
2950,5,8
2951,1,8
2952,6,8
2953,7,8
2954,7,8
2955,7,8
2956,6,8
2957,7,8
2958,7,8
2959,7,8
2960,7,8
2961,7,8
2962,4,8
2963,7,8
2964,6,8
2965,6,8
2966,7,8
2967,7,8
2968,7,8
2969,7,8
2970,7,8
2971,7,8
2972,6,8
2973,6,8
2974,2,8
2975,4,8
2976,7,8
2977,7,8
2978,7,8
2979,7,8
2980,6,8
2981,7,8
2982,7,8
2983,7,8
2984,7,8
2985,6,8
2986,7,8
2987,7,8
2988,2,8
2989,7,8
2990,7,8
2991,4,8
2992,6,8
2993,6,8
2994,7,8
2995,7,8
2996,7,8
2997,7,8
2998,7,8
2999,6,8
3000,7,8
3001,7,8
3002,6,8
3003,6,8
3004,7,8
3005,7,8
3006,7,8
3007,7,8
3008,7,8
3009,6,8
3010,7,8
3011,7,8
3012,6,8
3013,7,8
3014,7,8
3015,7,8
3016,7,8
3017,7,8
3018,7,8
3019,6,8
3020,7,8
3021,6,8
3022,7,8
3023,6,8
3024,6,8
3025,7,8
3026,7,8
3027,7,8
3028,7,8
3029,7,8
3030,7,8
3031,1,8
3032,6,8
3033,7,8
3034,7,8
3035,7,8
3036,7,8
3037,7,8
3038,7,8
3039,5,8
3040,7,8
3041,7,8
3042,7,8
3043,7,8
3044,7,8
3045,7,8
3046,7,8
3047,7,8
3048,5,8
3049,1,8
3050,7,8
3051,4,8
3052,7,8
3053,7,8
3054,5,8
3055,7,8
3056,7,8
3057,7,8
3058,7,8
3059,7,8
3060,3,8
3061,7,8
3062,7,8
3063,7,8
3064,7,8
3065,7,8
3066,7,8
3067,7,8
3068,6,8
3069,7,8
3070,7,8
3071,7,8
3072,7,8
3073,6,8
3074,7,8
3075,7,8
3076,6,8
3077,7,8
3078,6,8
3079,7,8
3080,7,8
3081,6,8
3082,7,8
3083,7,8
3084,7,8
3085,2,8
3086,6,8
3087,3,8
3088,7,8
3089,6,8
3090,7,8
3091,7,8
3092,7,8
3093,7,8
3094,2,8
3095,7,8
3096,3,8
3097,1,8
3098,7,8
3099,7,8
3100,7,8
3101,2,8
3102,2,8
3103,1,8
3104,7,8
3105,7,8
3106,7,8
3107,3,8
3108,3,8
3109,6,8
3110,7,8
3111,6,8
3112,3,8
3113,6,8
3114,6,8
3115,7,8
3116,3,8
3117,7,8
3118,1,8
3119,5,8
3120,1,8
3121,5,8
3122,1,8
3123,7,8
3124,4,8
3125,4,8
3126,6,8
3127,2,8
3128,7,8
3129,2,8
3130,3,8
3131,3,8
3132,6,8
3133,7,8
3134,7,8
3135,6,8
3136,5,8
3137,1,8
3138,5,8
3139,5,8
3140,1,8
3141,7,8
3142,4,8
3143,7,8
3144,7,8
3145,6,8
3146,7,8
3147,5,8
3148,7,8
3149,1,8
3150,6,8
3151,3,8
3152,7,8
3153,3,8
3154,5,8
3155,6,8
3156,2,8
3157,7,8
3158,5,8
3159,7,8
3160,7,8
3161,7,8
3162,7,8
3163,6,8
3164,7,8
3165,4,8
3166,6,8
3167,6,8
3168,5,8
3169,5,8
3170,7,8
3171,4,8
3172,3,8
3173,7,8
3174,4,8
3175,6,8
3176,7,8
3177,6,8
3178,7,8
3179,4,8
3180,5,8
3181,3,8
3182,4,8
3183,7,8
3184,2,8
3185,6,8
3186,5,8
3187,7,8
3188,4,8
3189,2,8
3190,7,8
3191,7,8
3192,7,8
3193,3,8
3194,7,8
3195,7,8
3196,7,8
3197,3,8
3198,3,8
3199,7,8
3200,3,8
3201,7,8
3202,4,8
3203,6,8
3204,7,8
3205,7,8
3206,4,8
3207,7,8
3208,2,8
3209,5,8
3210,1,8
3211,6,8
3212,7,8
3213,7,8
3214,7,8
3215,7,8
3216,6,8
3217,6,8
3218,3,8
3219,7,8
3220,4,8
3221,7,8
3222,7,8
3223,4,8
3224,6,8
3225,6,8
3226,6,8
3227,7,8
3228,7,8
3229,6,8
3230,1,8
3231,4,8
3232,7,8
3233,3,8
3234,7,8
3235,6,8
3236,7,8
3237,7,8
3238,7,8
3239,6,8
3240,4,8
3241,7,8
3242,1,8
