,sentiment,generation number
0,0.8890419602394104,1.0
1,0.9831478595733643,1.0
2,0.8242666721343994,1.0
3,0.45016735792160034,1.0
4,0.8255231380462646,1.0
5,0.636497974395752,1.0
6,0.8293865323066711,1.0
7,0.8283187747001648,1.0
8,0.8865240812301636,1.0
9,0.8890419602394104,1.0
10,0.4048313796520233,1.0
11,0.9717496037483215,1.0
12,0.6932215094566345,1.0
13,0.9910385608673096,1.0
14,0.9190796613693237,1.0
15,0.8522574305534363,1.0
16,0.9217332601547241,1.0
17,0.9064674973487854,1.0
18,0.8576244115829468,1.0
19,0.7223858833312988,1.0
20,0.9766311049461365,1.0
21,0.9076047539710999,1.0
22,0.9656561613082886,1.0
23,0.5288112759590149,1.0
24,0.9952569603919983,1.0
25,0.7981343865394592,1.0
26,0.8644503355026245,1.0
27,0.9845573902130127,1.0
28,0.8824172616004944,1.0
29,0.9658254981040955,1.0
30,0.9809685945510864,1.0
31,0.8144617080688477,1.0
32,0.9068427085876465,1.0
33,0.9356765747070312,1.0
34,0.26146459579467773,1.0
35,0.9042810797691345,1.0
36,0.9233310222625732,1.0
37,0.8989096879959106,1.0
38,0.8931354880332947,1.0
39,0.8877214193344116,1.0
40,0.019641943275928497,1.0
41,0.0496126227080822,1.0
42,0.10650323331356049,1.0
43,0.12381480634212494,1.0
44,0.9416219592094421,1.0
45,0.9937024116516113,1.0
46,0.8248752951622009,1.0
47,0.9848061203956604,1.0
48,0.9579461812973022,1.0
49,0.9088703393936157,1.0
50,0.7737289667129517,1.0
51,0.5927181839942932,1.0
52,0.9790149331092834,1.0
53,0.9677044749259949,1.0
54,0.7808286547660828,1.0
55,0.8595284223556519,1.0
56,0.8130159378051758,1.0
57,0.8021284341812134,1.0
58,0.4914681315422058,1.0
59,0.845362663269043,1.0
60,0.9678047299385071,1.0
61,0.9266098141670227,1.0
62,0.9442227482795715,1.0
63,0.8953452706336975,1.0
64,0.7676142454147339,1.0
65,0.9862691760063171,1.0
66,0.7718698978424072,1.0
67,0.9317885637283325,1.0
68,0.9837532043457031,1.0
69,0.9896814227104187,1.0
70,0.8291208148002625,1.0
71,0.8683431148529053,1.0
72,0.9639044404029846,1.0
73,0.9774608612060547,1.0
74,0.7113459706306458,1.0
75,0.9313966631889343,1.0
76,0.9428759813308716,1.0
77,0.7251477837562561,1.0
78,0.9179418683052063,1.0
79,0.9381645917892456,1.0
80,0.8260095715522766,1.0
81,0.673843502998352,1.0
82,0.9903008937835693,1.0
83,0.8294663429260254,1.0
84,0.9064218401908875,1.0
85,0.9855162501335144,1.0
86,0.8711614608764648,1.0
87,0.38570117950439453,1.0
88,0.7319717407226562,1.0
89,0.9491458535194397,1.0
90,0.563953697681427,1.0
91,0.9774036407470703,1.0
92,0.7319717407226562,1.0
93,0.9326273202896118,1.0
94,0.8892995715141296,1.0
95,0.07119108736515045,1.0
96,0.912136435508728,1.0
97,0.8313159346580505,1.0
98,0.9777957201004028,1.0
99,0.609771192073822,1.0
100,0.47119465470314026,1.0
101,0.6785628199577332,1.0
102,0.9699232578277588,1.0
103,0.7944443821907043,1.0
104,0.8899112939834595,1.0
105,0.5552834868431091,1.0
106,0.23021475970745087,1.0
107,0.5845089554786682,1.0
108,0.9858150482177734,1.0
109,0.9813568592071533,1.0
110,0.9731003642082214,1.0
111,0.9894530773162842,1.0
112,0.7778675556182861,1.0
113,0.9658254981040955,1.0
114,0.8890419602394104,1.0
115,0.7944443821907043,1.0
116,0.9303149580955505,1.0
117,0.9356765747070312,1.0
118,0.8242666721343994,1.0
119,0.7992613911628723,1.0
120,0.9826599359512329,1.0
121,0.9658254981040955,1.0
122,0.944884181022644,1.0
123,0.9727832078933716,1.0
124,0.9762808084487915,1.0
125,0.8664051294326782,1.0
126,0.744577169418335,1.0
127,0.9903008937835693,1.0
128,0.8778744339942932,1.0
129,0.7475792765617371,1.0
130,0.8811745643615723,1.0
131,0.7691863179206848,1.0
132,0.817801833152771,1.0
133,0.8603981137275696,1.0
134,0.9847643971443176,1.0
135,0.7771673798561096,1.0
136,0.7778675556182861,1.0
137,0.9026691317558289,1.0
138,0.16803854703903198,1.0
139,0.7113459706306458,1.0
140,0.7833234667778015,1.0
141,0.5552834868431091,1.0
142,0.9890022277832031,1.0
143,0.7645209431648254,1.0
144,0.908298909664154,1.0
145,0.9681769013404846,1.0
146,0.9568873047828674,1.0
147,0.9465662240982056,1.0
148,0.9831374883651733,1.0
149,0.9396727681159973,1.0
150,0.26146459579467773,1.0
151,0.8623223304748535,1.0
152,0.9628267884254456,1.0
153,0.874590277671814,1.0
154,0.7140109539031982,1.0
155,0.1286114752292633,1.0
156,0.96879643201828,1.0
157,0.9517987966537476,1.0
158,0.6900288462638855,1.0
159,0.9801703095436096,1.0
160,0.9695107340812683,1.0
161,0.9929925203323364,1.0
162,0.5573817491531372,1.0
163,0.8908743262290955,1.0
164,0.9594794511795044,1.0
165,0.8649073839187622,1.0
166,0.8242666721343994,1.0
167,0.9112939238548279,1.0
168,0.903512716293335,1.0
169,0.7517482042312622,1.0
170,0.7476656436920166,1.0
171,0.9059116840362549,1.0
172,0.8771825432777405,1.0
173,0.910825788974762,1.0
174,0.42522132396698,1.0
175,0.6535722017288208,1.0
176,0.9910603165626526,1.0
177,0.8437910079956055,1.0
178,0.9733119606971741,1.0
179,0.8659031987190247,1.0
180,0.9774608612060547,1.0
181,0.9595985412597656,1.0
182,0.9749336838722229,1.0
183,0.7092686295509338,1.0
184,0.49741238355636597,1.0
185,0.7741559147834778,1.0
186,0.810112476348877,1.0
187,0.8439717292785645,1.0
188,0.7768034338951111,1.0
189,0.636497974395752,1.0
190,0.9822069406509399,1.0
191,0.9580135345458984,1.0
192,0.903459906578064,1.0
193,0.8801992535591125,1.0
194,0.8420199155807495,1.0
195,0.7598565220832825,1.0
196,0.849784791469574,1.0
197,0.849784791469574,1.0
198,0.9220958352088928,1.0
199,0.8633775115013123,1.0
200,0.8200424909591675,1.0
201,0.9887034296989441,1.0
202,0.9896103143692017,1.0
203,0.9909476637840271,1.0
204,0.9696736335754395,1.0
205,0.8890419602394104,1.0
206,0.9626002907752991,1.0
207,0.7944443821907043,1.0
208,0.8566381931304932,1.0
209,0.7506077289581299,1.0
210,0.2662569284439087,1.0
211,0.8589925169944763,1.0
212,0.01255126018077135,1.0
213,0.8890419602394104,1.0
214,0.9536064267158508,1.0
215,0.7600066661834717,1.0
216,0.2486916333436966,1.0
217,0.9504088759422302,1.0
218,0.9316314458847046,1.0
219,0.8167972564697266,1.0
220,0.9833117723464966,1.0
221,0.7770525813102722,1.0
222,0.9687036275863647,1.0
223,0.7069711089134216,1.0
224,0.6700158715248108,1.0
225,0.4565736949443817,1.0
226,0.8829486966133118,1.0
227,0.9187664985656738,1.0
228,0.16445720195770264,1.0
229,0.8890419602394104,1.0
230,0.5552834868431091,1.0
231,0.06713779270648956,1.0
232,0.9124060869216919,1.0
233,0.9455892443656921,1.0
234,0.9083462953567505,1.0
235,0.9253690242767334,1.0
236,0.8684578537940979,1.0
237,0.5266926884651184,1.0
238,0.8678982257843018,1.0
239,0.4240120053291321,1.0
240,0.22804035246372223,1.0
241,0.7825402617454529,1.0
242,0.8891206383705139,1.0
243,0.4521771967411041,1.0
244,0.8481217622756958,1.0
245,0.8710910677909851,1.0
246,0.9712052941322327,1.0
247,0.6495544910430908,1.0
248,0.9534469246864319,1.0
249,0.6333691477775574,1.0
250,0.10965154320001602,1.0
251,0.636497974395752,1.0
252,0.23430059850215912,1.0
253,0.9831374883651733,1.0
254,0.8242666721343994,1.0
255,0.8826982378959656,1.0
256,0.9873448014259338,1.0
257,0.9332002401351929,1.0
258,0.4931047856807709,1.0
259,0.78465735912323,1.0
260,0.9314356446266174,1.0
261,0.8254451751708984,1.0
262,0.8254451751708984,1.0
263,0.6790026426315308,1.0
264,0.9574084281921387,1.0
265,0.7878757119178772,1.0
266,0.9668673872947693,1.0
267,0.7481861114501953,1.0
268,0.9928608536720276,1.0
269,0.9681858420372009,1.0
270,0.96879643201828,1.0
271,0.9821213483810425,1.0
272,0.8605165481567383,1.0
273,0.8474563956260681,1.0
274,0.8935520052909851,1.0
275,0.7597572803497314,1.0
276,0.7849557399749756,1.0
277,0.9714252948760986,1.0
278,0.8892995715141296,1.0
279,0.7944443821907043,1.0
280,0.5639827847480774,1.0
281,0.8649073839187622,1.0
282,0.8892995715141296,1.0
283,0.7597609758377075,1.0
284,0.9774608612060547,1.0
285,0.849784791469574,1.0
286,0.849784791469574,1.0
287,0.6822046637535095,1.0
288,0.9138897061347961,1.0
289,0.8892995715141296,1.0
290,0.9607077240943909,1.0
291,0.9489808082580566,1.0
292,0.6933262348175049,1.0
293,0.9569836854934692,1.0
294,0.7233469486236572,1.0
295,0.9638904929161072,1.0
296,0.8904920816421509,1.0
297,0.8161888122558594,1.0
298,0.7675564885139465,1.0
299,0.8495852947235107,1.0
300,0.716687023639679,1.0
301,0.8372451663017273,1.0
302,0.813427209854126,1.0
303,0.8773460984230042,1.0
304,0.9762136936187744,1.0
305,0.43319374322891235,1.0
306,0.6443812251091003,1.0
307,0.9263976812362671,1.0
308,0.7319717407226562,1.0
309,0.8890419602394104,1.0
310,0.5552834868431091,1.0
311,0.6934069991111755,1.0
312,0.8130159378051758,1.0
313,0.5552834868431091,1.0
314,0.9903008937835693,1.0
315,0.7422944903373718,1.0
316,0.9919924736022949,1.0
317,0.8621178865432739,1.0
318,0.5948770046234131,1.0
319,0.9573333859443665,1.0
320,0.9515359997749329,1.0
321,0.7893763184547424,1.0
322,0.8777003288269043,1.0
323,0.7107839584350586,1.0
324,0.9899887442588806,1.0
325,0.9019428491592407,1.0
326,0.7791853547096252,1.0
327,0.9005770087242126,1.0
328,0.8715115189552307,1.0
329,0.849784791469574,1.0
330,0.766470730304718,1.0
331,0.13268065452575684,1.0
332,0.9594794511795044,1.0
333,0.9638846516609192,1.0
334,0.5552834868431091,1.0
335,0.8625673651695251,1.0
336,0.806220531463623,1.0
337,0.9676649570465088,1.0
338,0.9658254981040955,1.0
339,0.5552834868431091,1.0
340,0.9713916778564453,1.0
341,0.8295363783836365,1.0
342,0.8330767750740051,1.0
343,0.9617145657539368,1.0
344,0.9686806797981262,1.0
345,0.95870441198349,1.0
346,0.8743917346000671,1.0
347,0.604304850101471,1.0
348,0.9924748539924622,1.0
349,0.9174267649650574,1.0
350,0.987815797328949,1.0
351,0.9665423035621643,1.0
352,0.9173678755760193,1.0
353,0.7025259733200073,1.0
354,0.874590277671814,1.0
355,0.8313958644866943,1.0
356,0.9180144667625427,1.0
357,0.7404401898384094,1.0
358,0.847909152507782,1.0
359,0.6686622500419617,1.0
360,0.9190550446510315,1.0
361,0.9598479270935059,1.0
362,0.9204896092414856,1.0
363,0.9798856377601624,1.0
364,0.9904911518096924,1.0
365,0.880990207195282,1.0
366,0.9663129448890686,1.0
367,0.7226689457893372,1.0
368,0.3219870924949646,1.0
369,0.8892995715141296,1.0
370,0.8029883503913879,1.0
371,0.9846363067626953,1.0
372,0.9843661785125732,1.0
373,0.9850652813911438,1.0
374,0.5552834868431091,1.0
375,0.9918527007102966,1.0
376,0.8458409905433655,1.0
377,0.8890419602394104,1.0
378,0.43319374322891235,1.0
379,0.9409998655319214,1.0
380,0.9344434142112732,1.0
381,0.8911007642745972,1.0
382,0.8955767154693604,1.0
383,0.8328492045402527,1.0
384,0.9000937938690186,1.0
385,0.9468636512756348,1.0
386,0.9733119606971741,1.0
387,0.7676905989646912,1.0
388,0.835435688495636,1.0
389,0.6968594789505005,1.0
390,0.9659329652786255,1.0
391,0.8179839849472046,1.0
392,0.9534469246864319,1.0
393,0.9437938928604126,1.0
394,0.9582280516624451,1.0
395,0.40085041522979736,1.0
396,0.9774608612060547,1.0
397,0.8890419602394104,1.0
398,0.8213990330696106,1.0
399,0.8148353695869446,1.0
400,0.8668391704559326,1.0
401,0.6876406669616699,1.0
402,0.862931489944458,1.0
403,0.8588662147521973,1.0
404,0.9888641834259033,1.0
405,0.5796027779579163,1.0
406,0.8051716685295105,1.0
407,0.3201434910297394,1.0
408,0.9774608612060547,2.0
409,0.9836543202400208,2.0
410,0.5029207468032837,2.0
411,0.7598565220832825,2.0
412,0.9557069540023804,2.0
413,0.8406727910041809,2.0
414,0.9078460335731506,2.0
415,0.9351654648780823,2.0
416,0.9903008937835693,2.0
417,0.06713779270648956,2.0
418,0.980281412601471,2.0
419,0.9748386144638062,2.0
420,0.9842499494552612,2.0
421,0.6857697367668152,2.0
422,0.6870317459106445,2.0
423,0.061150915920734406,2.0
424,0.953286349773407,2.0
425,0.5643002986907959,2.0
426,0.8844050168991089,2.0
427,0.7820437550544739,2.0
428,0.9870976805686951,2.0
429,0.9619881510734558,2.0
430,0.8157150745391846,2.0
431,0.13384009897708893,2.0
432,0.8902348279953003,2.0
433,0.9809685945510864,2.0
434,0.6523140668869019,2.0
435,0.6150738000869751,2.0
436,0.8764386177062988,2.0
437,0.9903008937835693,2.0
438,0.9851853847503662,2.0
439,0.8659936189651489,2.0
440,0.18236695230007172,2.0
441,0.75661700963974,2.0
442,0.8368222117424011,2.0
443,0.9859830737113953,2.0
444,0.8157150745391846,2.0
445,0.49344420433044434,2.0
446,0.4565736949443817,2.0
447,0.9097165465354919,2.0
448,0.17488031089305878,2.0
449,0.7676652669906616,2.0
450,0.14139828085899353,2.0
451,0.08068180084228516,2.0
452,0.9886441230773926,2.0
453,0.9579325914382935,2.0
454,0.7539352774620056,2.0
455,0.9883755445480347,2.0
456,0.7456666231155396,2.0
457,0.8925936222076416,2.0
458,0.7912832498550415,2.0
459,0.8957011103630066,2.0
460,0.7365475296974182,2.0
461,0.6208895444869995,2.0
462,0.5552834868431091,2.0
463,0.9710938930511475,2.0
464,0.8516498804092407,2.0
465,0.8218660950660706,2.0
466,0.8238988518714905,2.0
467,0.9247927069664001,2.0
468,0.1622285544872284,2.0
469,0.9559929966926575,2.0
470,0.8731076717376709,2.0
471,0.47466281056404114,2.0
472,0.9569559693336487,2.0
473,0.984838604927063,2.0
474,0.9797635078430176,2.0
475,0.734177827835083,2.0
476,0.85747891664505,2.0
477,0.9496114253997803,2.0
478,0.5552834868431091,2.0
479,0.9716372489929199,2.0
480,0.8555943369865417,2.0
481,0.9846663475036621,2.0
482,0.9283990263938904,2.0
483,0.9348647594451904,2.0
484,0.7365539073944092,2.0
485,0.7197108864784241,2.0
486,0.897770345211029,2.0
487,0.5974399447441101,2.0
488,0.9901992082595825,2.0
489,0.9658254981040955,2.0
490,0.5939697027206421,2.0
491,0.9907224178314209,2.0
492,0.9488691687583923,2.0
493,0.48319828510284424,2.0
494,0.9243672490119934,2.0
495,0.7978143095970154,2.0
496,0.5403501391410828,2.0
497,0.764057457447052,2.0
498,0.5188586711883545,2.0
499,0.9243616461753845,2.0
500,0.9739893674850464,2.0
501,0.8824304342269897,2.0
502,0.8297007083892822,2.0
503,0.20841069519519806,2.0
504,0.982559859752655,2.0
505,0.9430033564567566,2.0
506,0.9743179678916931,2.0
507,0.9702853560447693,2.0
508,0.23300081491470337,2.0
509,0.7942959666252136,2.0
510,0.9617807865142822,2.0
511,0.6215789318084717,2.0
512,0.9514544010162354,2.0
513,0.8291208148002625,2.0
514,0.6014682650566101,2.0
515,0.7992613911628723,2.0
516,0.9835130572319031,2.0
517,0.576068639755249,2.0
518,0.871546745300293,2.0
519,0.056806135922670364,2.0
520,0.9790641665458679,2.0
521,0.9752771854400635,2.0
522,0.849784791469574,2.0
523,0.9797635078430176,2.0
524,0.8518746495246887,2.0
525,0.7568264007568359,2.0
526,0.4048313796520233,2.0
527,0.15955078601837158,2.0
528,0.9727832078933716,2.0
529,0.7987025380134583,2.0
530,0.8764386177062988,2.0
531,0.9332002401351929,2.0
532,0.849784791469574,2.0
533,0.9914237856864929,2.0
534,0.5552834868431091,2.0
535,0.9396727681159973,2.0
536,0.7990850806236267,2.0
537,0.6172823309898376,2.0
538,0.913724958896637,2.0
539,0.9633086323738098,2.0
540,0.7591392993927002,2.0
541,0.8622451424598694,2.0
542,0.5552834868431091,2.0
543,0.6988562941551208,2.0
544,0.7239774465560913,2.0
545,0.9653259515762329,2.0
546,0.925599992275238,2.0
547,0.0691407322883606,2.0
548,0.9664884209632874,2.0
549,0.9658254981040955,2.0
550,0.9885629415512085,2.0
551,0.860816240310669,2.0
552,0.8146872520446777,2.0
553,0.9411540031433105,2.0
554,0.3933870792388916,2.0
555,0.29710155725479126,2.0
556,0.9332254528999329,2.0
557,0.9717496037483215,2.0
558,0.9396727681159973,2.0
559,0.9396727681159973,2.0
560,0.9819353818893433,2.0
561,0.980189323425293,2.0
562,0.9806997179985046,2.0
563,0.9884936213493347,2.0
564,0.874590277671814,2.0
565,0.9348332285881042,2.0
566,0.8908360004425049,2.0
567,0.6352336406707764,2.0
568,0.8764386177062988,2.0
569,0.9733119606971741,2.0
570,0.9921482801437378,2.0
571,0.958296000957489,2.0
572,0.9148322343826294,2.0
573,0.9658254981040955,2.0
574,0.9184293150901794,2.0
575,0.8299011588096619,2.0
576,0.9874323606491089,2.0
577,0.9857085943222046,2.0
578,0.8669870495796204,2.0
579,0.36352458596229553,2.0
580,0.8486558198928833,2.0
581,0.6575550436973572,2.0
582,0.7462964057922363,2.0
583,0.6867434978485107,2.0
584,0.9376587271690369,2.0
585,0.5459322929382324,2.0
586,0.690992534160614,2.0
587,0.8687490820884705,2.0
588,0.9396727681159973,2.0
589,0.925599992275238,2.0
590,0.9911218881607056,2.0
591,0.9396727681159973,2.0
592,0.8759791851043701,2.0
593,0.8885115385055542,2.0
594,0.9042075276374817,2.0
595,0.799761950969696,2.0
596,0.5435669422149658,2.0
597,0.8588991165161133,2.0
598,0.989967942237854,2.0
599,0.5168667435646057,2.0
600,0.9619624614715576,2.0
601,0.015888338908553123,2.0
602,0.2820676565170288,2.0
603,0.5175959467887878,2.0
604,0.16803854703903198,2.0
605,0.9774608612060547,2.0
606,0.795724093914032,2.0
607,0.6778629422187805,2.0
608,0.9766932129859924,2.0
609,0.9682837128639221,2.0
610,0.9232980608940125,2.0
611,0.6170274615287781,2.0
612,0.9839041233062744,2.0
613,0.849784791469574,2.0
614,0.5357974171638489,2.0
615,0.5552834868431091,2.0
616,0.3951408267021179,2.0
617,0.8768411874771118,2.0
618,0.6538811922073364,2.0
619,0.8917774558067322,2.0
620,0.16803854703903198,2.0
621,0.9658254981040955,2.0
622,0.8892932534217834,2.0
623,0.8890419602394104,2.0
624,0.8253547549247742,2.0
625,0.8382601141929626,2.0
626,0.9806326031684875,2.0
627,0.9930061101913452,2.0
628,0.8540721535682678,2.0
629,0.9323773980140686,2.0
630,0.9893398880958557,2.0
631,0.9884524941444397,2.0
632,0.9514026045799255,2.0
633,0.8358139395713806,2.0
634,0.8375314474105835,2.0
635,0.25920528173446655,2.0
636,0.8290688395500183,2.0
637,0.9839410185813904,2.0
638,0.7376787066459656,2.0
639,0.9774608612060547,2.0
640,0.9348977208137512,2.0
641,0.882855236530304,2.0
642,0.7593555450439453,2.0
643,0.6587615609169006,2.0
644,0.9547505378723145,2.0
645,0.908089280128479,2.0
646,0.8424031138420105,2.0
647,0.7082411646842957,2.0
648,0.9230243563652039,2.0
649,0.23615142703056335,2.0
650,0.9346659183502197,2.0
651,0.9358851313591003,2.0
652,0.9000937938690186,2.0
653,0.9611476063728333,2.0
654,0.9489808082580566,2.0
655,0.8375331163406372,2.0
656,0.9195555448532104,2.0
657,0.9484208822250366,2.0
658,0.8184608221054077,2.0
659,0.7203139066696167,2.0
660,0.979910135269165,2.0
661,0.746452808380127,2.0
662,0.16803854703903198,2.0
663,0.6934069991111755,2.0
664,0.9000937938690186,2.0
665,0.5552834868431091,2.0
666,0.9913240671157837,2.0
667,0.9500436186790466,2.0
668,0.8835132718086243,2.0
669,0.8440558910369873,2.0
670,0.9253690242767334,2.0
671,0.9248976707458496,2.0
672,0.9797635078430176,2.0
673,0.9359431862831116,2.0
674,0.9820280075073242,2.0
675,0.7296403646469116,2.0
676,0.9783579111099243,2.0
677,0.9681469798088074,2.0
678,0.7969709634780884,2.0
679,0.8815557956695557,2.0
680,0.9453945755958557,2.0
681,0.8791258931159973,2.0
682,0.9793044328689575,2.0
683,0.8266135454177856,2.0
684,0.7987081408500671,2.0
685,0.9621838927268982,2.0
686,0.9203992486000061,2.0
687,0.5552834868431091,2.0
688,0.8764386177062988,2.0
689,0.9658254981040955,2.0
690,0.6437080502510071,2.0
691,0.045188549906015396,2.0
692,0.8615674376487732,2.0
693,0.9595985412597656,2.0
694,0.9929876923561096,2.0
695,0.8862459063529968,2.0
696,0.9658254981040955,2.0
697,0.43319374322891235,2.0
698,0.7655383348464966,2.0
699,0.9833040237426758,2.0
700,0.9459753632545471,2.0
701,0.941705584526062,2.0
702,0.8817076683044434,2.0
703,0.9364012479782104,2.0
704,0.7848500609397888,2.0
705,0.9699937701225281,2.0
706,0.6360382437705994,2.0
707,0.41519710421562195,2.0
708,0.9298384189605713,2.0
709,0.9332196712493896,2.0
710,0.6696873903274536,2.0
711,0.8632532358169556,2.0
712,0.9658254981040955,2.0
713,0.9023839235305786,2.0
714,0.6657074093818665,2.0
715,0.9630469679832458,2.0
716,0.9766932129859924,2.0
717,0.849784791469574,2.0
718,0.9903008937835693,2.0
719,0.9903008937835693,2.0
720,0.9678459167480469,2.0
721,0.9243672490119934,2.0
722,0.6538811922073364,2.0
723,0.7523086071014404,2.0
724,0.9793160557746887,2.0
725,0.95424884557724,2.0
726,0.6791577339172363,2.0
727,0.590316891670227,2.0
728,0.9899452328681946,2.0
729,0.9656561613082886,2.0
730,0.8291208148002625,2.0
731,0.7968155741691589,2.0
732,0.9861692190170288,2.0
733,0.9755962491035461,2.0
734,0.8210751414299011,2.0
735,0.9413113594055176,2.0
736,0.9800515174865723,2.0
737,0.6357595324516296,2.0
738,0.9658254981040955,2.0
739,0.4008190631866455,2.0
740,0.9305611848831177,2.0
741,0.9427875876426697,2.0
742,0.8015252947807312,2.0
743,0.7524428367614746,2.0
744,0.9825212359428406,2.0
745,0.9780970215797424,2.0
746,0.9648051261901855,2.0
747,0.7808286547660828,2.0
748,0.9547820091247559,2.0
749,0.9537275433540344,2.0
750,0.9072479605674744,2.0
751,0.9793965816497803,2.0
752,0.10780183970928192,2.0
753,0.9797635078430176,2.0
754,0.823863685131073,2.0
755,0.6231450438499451,2.0
756,0.9858830571174622,2.0
757,0.967073380947113,2.0
758,0.68403559923172,2.0
759,0.8496823310852051,2.0
760,0.85747891664505,2.0
761,0.954278290271759,2.0
762,0.8890419602394104,2.0
763,0.5552834868431091,2.0
764,0.8176056742668152,2.0
765,0.726544201374054,2.0
766,0.6523140668869019,2.0
767,0.6905186176300049,2.0
768,0.9227026104927063,2.0
769,0.9360738396644592,2.0
770,0.840429961681366,2.0
771,0.9866509437561035,2.0
772,0.9665233492851257,2.0
773,0.9864870309829712,2.0
774,0.8534278869628906,2.0
775,0.6584894061088562,2.0
776,0.8645342588424683,2.0
777,0.9797635078430176,2.0
778,0.8678982257843018,2.0
779,0.8832392692565918,2.0
780,0.7506875991821289,2.0
781,0.9797089695930481,2.0
782,0.9630995988845825,2.0
783,0.24234937131404877,2.0
784,0.9765754342079163,2.0
785,0.849784791469574,2.0
786,0.9626002907752991,2.0
787,0.872187614440918,2.0
788,0.9789052605628967,2.0
789,0.798775851726532,2.0
790,0.9155963063240051,2.0
791,0.949386477470398,2.0
792,0.9834790229797363,2.0
793,0.9777502417564392,2.0
794,0.8890419602394104,2.0
795,0.8698610067367554,2.0
796,0.8941051363945007,2.0
797,0.44743141531944275,2.0
798,0.5742717385292053,2.0
799,0.7763803601264954,2.0
800,0.7839849591255188,2.0
801,0.9860290884971619,2.0
802,0.9543244242668152,2.0
803,0.8820075392723083,2.0
804,0.9575528502464294,2.0
805,0.925599992275238,2.0
806,0.7987025380134583,2.0
807,0.9396727681159973,2.0
808,0.9480698108673096,2.0
809,0.8932107090950012,2.0
810,0.6918929219245911,2.0
811,0.9348673820495605,2.0
812,0.915203332901001,2.0
813,0.5930754542350769,2.0
814,0.9569265842437744,2.0
815,0.9307785034179688,2.0
816,0.849784791469574,3.0
817,0.9579087495803833,3.0
818,0.9762136936187744,3.0
819,0.8902348279953003,3.0
820,0.478718638420105,3.0
821,0.9533553719520569,3.0
822,0.8203851580619812,3.0
823,0.5591098666191101,3.0
824,0.8306830525398254,3.0
825,0.8226757049560547,3.0
826,0.9085807204246521,3.0
827,0.9919751286506653,3.0
828,0.9245843887329102,3.0
829,0.90268474817276,3.0
830,0.9834558367729187,3.0
831,0.9543306231498718,3.0
832,0.9690814018249512,3.0
833,0.9506251215934753,3.0
834,0.7939466238021851,3.0
835,0.8955422639846802,3.0
836,0.9657607078552246,3.0
837,0.9437938928604126,3.0
838,0.9703158140182495,3.0
839,0.5131730437278748,3.0
840,0.9607364535331726,3.0
841,0.8802850842475891,3.0
842,0.9421491622924805,3.0
843,0.9797635078430176,3.0
844,0.9189605116844177,3.0
845,0.6632729768753052,3.0
846,0.9710251092910767,3.0
847,0.8686420917510986,3.0
848,0.814717710018158,3.0
849,0.5203568339347839,3.0
850,0.9205204248428345,3.0
851,0.938591480255127,3.0
852,0.9844081997871399,3.0
853,0.11075941473245621,3.0
854,0.8630825281143188,3.0
855,0.7210688591003418,3.0
856,0.49785274267196655,3.0
857,0.8764386177062988,3.0
858,0.5803975462913513,3.0
859,0.5814967155456543,3.0
860,0.9914923310279846,3.0
861,0.9909213185310364,3.0
862,0.8843184113502502,3.0
863,0.9922888875007629,3.0
864,0.9245734810829163,3.0
865,0.7859728932380676,3.0
866,0.6495041251182556,3.0
867,0.597276508808136,3.0
868,0.9561722278594971,3.0
869,0.9298149347305298,3.0
870,0.9147322773933411,3.0
871,0.9348647594451904,3.0
872,0.8437594771385193,3.0
873,0.945572018623352,3.0
874,0.9139344692230225,3.0
875,0.6523140668869019,3.0
876,0.2657202482223511,3.0
877,0.9723964929580688,3.0
878,0.7201688289642334,3.0
879,0.8276813626289368,3.0
880,0.43505874276161194,3.0
881,0.9658254981040955,3.0
882,0.4031747877597809,3.0
883,0.7992613911628723,3.0
884,0.9661190509796143,3.0
885,0.9114825129508972,3.0
886,0.9727832078933716,3.0
887,0.8595284223556519,3.0
888,0.849784791469574,3.0
889,0.980603039264679,3.0
890,0.9646866321563721,3.0
891,0.6386467218399048,3.0
892,0.9055959582328796,3.0
893,0.7851406931877136,3.0
894,0.75655597448349,3.0
895,0.9358669519424438,3.0
896,0.9476295113563538,3.0
897,0.9551592469215393,3.0
898,0.9660489559173584,3.0
899,0.9292094111442566,3.0
900,0.978259801864624,3.0
901,0.8930221199989319,3.0
902,0.9633218050003052,3.0
903,0.6821288466453552,3.0
904,0.9092142581939697,3.0
905,0.9658254981040955,3.0
906,0.6514145731925964,3.0
907,0.8940873146057129,3.0
908,0.9823917746543884,3.0
909,0.9909499287605286,3.0
910,0.9712324142456055,3.0
911,0.4031747877597809,3.0
912,0.9858270883560181,3.0
913,0.9670097231864929,3.0
914,0.8764386177062988,3.0
915,0.9616165161132812,3.0
916,0.029436670243740082,3.0
917,0.9919255375862122,3.0
918,0.9903008937835693,3.0
919,0.8663133978843689,3.0
920,0.9882791042327881,3.0
921,0.9434036016464233,3.0
922,0.9833040237426758,3.0
923,0.9507035613059998,3.0
924,0.9889378547668457,3.0
925,0.6663032174110413,3.0
926,0.9657238721847534,3.0
927,0.9574781656265259,3.0
928,0.510580837726593,3.0
929,0.8890419602394104,3.0
930,0.9903008937835693,3.0
931,0.4048313796520233,3.0
932,0.977425217628479,3.0
933,0.6748971939086914,3.0
934,0.2645205855369568,3.0
935,0.7119109034538269,3.0
936,0.8428104519844055,3.0
937,0.8456593751907349,3.0
938,0.9553438425064087,3.0
939,0.9630995988845825,3.0
940,0.4008190631866455,3.0
941,0.8247712850570679,3.0
942,0.8015252947807312,3.0
943,0.7524428367614746,3.0
944,0.9247884154319763,3.0
945,0.8501670956611633,3.0
946,0.7829911708831787,3.0
947,0.8965972661972046,3.0
948,0.9586100578308105,3.0
949,0.012108071707189083,3.0
950,0.9552150964736938,3.0
951,0.9089447259902954,3.0
952,0.9000937938690186,3.0
953,0.8089402914047241,3.0
954,0.9424833655357361,3.0
955,0.9494662284851074,3.0
956,0.8890419602394104,3.0
957,0.9752887487411499,3.0
958,0.9658254981040955,3.0
959,0.12221337109804153,3.0
960,0.9857572913169861,3.0
961,0.9464981555938721,3.0
962,0.9482811689376831,3.0
963,0.43638601899147034,3.0
964,0.9768865704536438,3.0
965,0.9795986413955688,3.0
966,0.7944443821907043,3.0
967,0.9139599800109863,3.0
968,0.9812659621238708,3.0
969,0.9868267774581909,3.0
970,0.6741001009941101,3.0
971,0.9033037424087524,3.0
972,0.5691767930984497,3.0
973,0.6886284947395325,3.0
974,0.9758756160736084,3.0
975,0.778610110282898,3.0
976,0.9877204298973083,3.0
977,0.9717496037483215,3.0
978,0.9847643971443176,3.0
979,0.9861947298049927,3.0
980,0.8842992782592773,3.0
981,0.718817412853241,3.0
982,0.5552834868431091,3.0
983,0.6006948351860046,3.0
984,0.9202315211296082,3.0
985,0.9557069540023804,3.0
986,0.9849986433982849,3.0
987,0.9478816986083984,3.0
988,0.8968051075935364,3.0
989,0.7080559134483337,3.0
990,0.18240216374397278,3.0
991,0.8055772185325623,3.0
992,0.9376785159111023,3.0
993,0.4480629563331604,3.0
994,0.7693091034889221,3.0
995,0.9243514537811279,3.0
996,0.9283990263938904,3.0
997,0.49189937114715576,3.0
998,0.8890419602394104,3.0
999,0.9313966631889343,3.0
1000,0.9907901287078857,3.0
1001,0.8223133087158203,3.0
1002,0.8132527470588684,3.0
1003,0.906821072101593,3.0
1004,0.8001410961151123,3.0
1005,0.8132549524307251,3.0
1006,0.5611858367919922,3.0
1007,0.6293225288391113,3.0
1008,0.7942972183227539,3.0
1009,0.5029207468032837,3.0
1010,0.7243108749389648,3.0
1011,0.6254962682723999,3.0
1012,0.9762136936187744,3.0
1013,0.8890419602394104,3.0
1014,0.8295363783836365,3.0
1015,0.8761649131774902,3.0
1016,0.9740827679634094,3.0
1017,0.6596741676330566,3.0
1018,0.9361036419868469,3.0
1019,0.9747068881988525,3.0
1020,0.11677470803260803,3.0
1021,0.9774608612060547,3.0
1022,0.9199087023735046,3.0
1023,0.9658254981040955,3.0
1024,0.8200990557670593,3.0
1025,0.9278836250305176,3.0
1026,0.3749143183231354,3.0
1027,0.8428900837898254,3.0
1028,0.8851810693740845,3.0
1029,0.9919924736022949,3.0
1030,0.959011435508728,3.0
1031,0.5552834868431091,3.0
1032,0.07189048081636429,3.0
1033,0.6287738084793091,3.0
1034,0.9680246114730835,3.0
1035,0.769504964351654,3.0
1036,0.9683035016059875,3.0
1037,0.9251522421836853,3.0
1038,0.6538811922073364,3.0
1039,0.6965010166168213,3.0
1040,0.9189577102661133,3.0
1041,0.9211407899856567,3.0
1042,0.9658254981040955,3.0
1043,0.5785871744155884,3.0
1044,0.9595985412597656,3.0
1045,0.9774608612060547,3.0
1046,0.9762136936187744,3.0
1047,0.9575528502464294,3.0
1048,0.9463927745819092,3.0
1049,0.5582160949707031,3.0
1050,0.6879263520240784,3.0
1051,0.9648886919021606,3.0
1052,0.8199490308761597,3.0
1053,0.9797635078430176,3.0
1054,0.9546202421188354,3.0
1055,0.984078049659729,3.0
1056,0.8195987343788147,3.0
1057,0.9402561187744141,3.0
1058,0.7074156999588013,3.0
1059,0.8729366660118103,3.0
1060,0.9588766694068909,3.0
1061,0.5552834868431091,3.0
1062,0.9668737053871155,3.0
1063,0.9705514311790466,3.0
1064,0.9255601763725281,3.0
1065,0.7006366848945618,3.0
1066,0.9805651307106018,3.0
1067,0.664443850517273,3.0
1068,0.9861577749252319,3.0
1069,0.6393961906433105,3.0
1070,0.6872448921203613,3.0
1071,0.9794189929962158,3.0
1072,0.9805835485458374,3.0
1073,0.8167769312858582,3.0
1074,0.9509862661361694,3.0
1075,0.9083405137062073,3.0
1076,0.31778693199157715,3.0
1077,0.8122442960739136,3.0
1078,0.5577276349067688,3.0
1079,0.8306751847267151,3.0
1080,0.9591005444526672,3.0
1081,0.9833040237426758,3.0
1082,0.5599562525749207,3.0
1083,0.9742065072059631,3.0
1084,0.5900766253471375,3.0
1085,0.9709611535072327,3.0
1086,0.9907943606376648,3.0
1087,0.6523140668869019,3.0
1088,0.9265936613082886,3.0
1089,0.6008076667785645,3.0
1090,0.6892955899238586,3.0
1091,0.49113625288009644,3.0
1092,0.5523760318756104,3.0
1093,0.9567644000053406,3.0
1094,0.7840635180473328,3.0
1095,0.8015252947807312,3.0
1096,0.884782075881958,3.0
1097,0.9909499287605286,3.0
1098,0.9762136936187744,3.0
1099,0.20153585076332092,3.0
1100,0.8693838119506836,3.0
1101,0.8693838119506836,3.0
1102,0.8862459063529968,3.0
1103,0.028556842356920242,3.0
1104,0.16803854703903198,3.0
1105,0.8708024621009827,3.0
1106,0.9389635324478149,3.0
1107,0.8529452085494995,3.0
1108,0.9302438497543335,3.0
1109,0.8706514239311218,3.0
1110,0.08035188168287277,3.0
1111,0.26774081587791443,3.0
1112,0.9307817220687866,3.0
1113,0.6211917996406555,3.0
1114,0.9857444167137146,3.0
1115,0.5353743433952332,3.0
1116,0.9043784141540527,3.0
1117,0.8552513718605042,3.0
1118,0.9488076567649841,3.0
1119,0.796891987323761,3.0
1120,0.9809685945510864,3.0
1121,0.5779483914375305,3.0
1122,0.7987025380134583,3.0
1123,0.743261456489563,3.0
1124,0.8249052166938782,3.0
1125,0.9919924736022949,3.0
1126,0.3360013961791992,3.0
1127,0.8337398171424866,3.0
1128,0.9798657298088074,3.0
1129,0.6581069231033325,3.0
1130,0.9690343737602234,3.0
1131,0.7180761694908142,3.0
1132,0.8902228474617004,3.0
1133,0.9802062511444092,3.0
1134,0.5324106812477112,3.0
1135,0.9872083067893982,3.0
1136,0.8529452085494995,3.0
1137,0.6566173434257507,3.0
1138,0.39089658856391907,3.0
1139,0.7319649457931519,3.0
1140,0.5553784370422363,3.0
1141,0.9759204387664795,3.0
1142,0.6523140668869019,3.0
1143,0.7954421639442444,3.0
1144,0.8036254644393921,3.0
1145,0.16803854703903198,3.0
1146,0.9902207851409912,3.0
1147,0.9583181142807007,3.0
1148,0.8785422444343567,3.0
1149,0.7739760875701904,3.0
1150,0.6170274615287781,3.0
1151,0.8252034187316895,3.0
1152,0.972186803817749,3.0
1153,0.5681107044219971,3.0
1154,0.8274651765823364,3.0
1155,0.8673054575920105,3.0
1156,0.989120602607727,3.0
1157,0.31812146306037903,3.0
1158,0.51226806640625,3.0
1159,0.9620873332023621,3.0
1160,0.752094030380249,3.0
1161,0.9620044827461243,3.0
1162,0.15498049557209015,3.0
1163,0.9647519588470459,3.0
1164,0.9543836712837219,3.0
1165,0.9790149331092834,3.0
1166,0.5003827810287476,3.0
1167,0.8222171664237976,3.0
1168,0.9766932129859924,3.0
1169,0.9928237199783325,3.0
1170,0.9620044827461243,3.0
1171,0.6920562386512756,3.0
1172,0.5566257834434509,3.0
1173,0.7625735998153687,3.0
1174,0.7765159606933594,3.0
1175,0.7285217046737671,3.0
1176,0.7676142454147339,3.0
1177,0.9744914174079895,3.0
1178,0.6644799113273621,3.0
1179,0.9752400517463684,3.0
1180,0.95392906665802,3.0
1181,0.9112939238548279,3.0
1182,0.9903008937835693,3.0
1183,0.7720898389816284,3.0
1184,0.34555330872535706,3.0
1185,0.984838604927063,3.0
1186,0.831186056137085,3.0
1187,0.9859830737113953,3.0
1188,0.9648051261901855,3.0
1189,0.5081691741943359,3.0
1190,0.9833040237426758,3.0
1191,0.7992613911628723,3.0
1192,0.9222116470336914,3.0
1193,0.9910039901733398,3.0
1194,0.6467121243476868,3.0
1195,0.9797635078430176,3.0
1196,0.9552240967750549,3.0
1197,0.9670864939689636,3.0
1198,0.9507546424865723,3.0
1199,0.9788201451301575,3.0
1200,0.991289496421814,3.0
1201,0.7304297089576721,3.0
1202,0.9658254981040955,3.0
1203,0.9215279221534729,3.0
1204,0.8865593671798706,3.0
1205,0.8055279850959778,3.0
1206,0.8490925431251526,3.0
1207,0.5674697756767273,3.0
1208,0.9121685028076172,3.0
1209,0.9885336756706238,3.0
1210,0.8656054735183716,3.0
1211,0.9059534668922424,3.0
1212,0.7545526623725891,3.0
1213,0.9774608612060547,3.0
1214,0.9695097804069519,3.0
1215,0.9626002907752991,3.0
1216,0.851774275302887,3.0
1217,0.8105521202087402,3.0
1218,0.5748578310012817,3.0
1219,0.3275085985660553,3.0
1220,0.9926706552505493,3.0
1221,0.5906476974487305,3.0
1222,0.43248847126960754,3.0
1223,0.7522232532501221,3.0
1224,0.9930189251899719,4.0
1225,0.9700900316238403,4.0
1226,0.7944443821907043,4.0
1227,0.743261456489563,4.0
1228,0.636497974395752,4.0
1229,0.9778180122375488,4.0
1230,0.6372506022453308,4.0
1231,0.636497974395752,4.0
1232,0.9903008937835693,4.0
1233,0.9658254981040955,4.0
1234,0.8729512691497803,4.0
1235,0.5854492783546448,4.0
1236,0.9628897905349731,4.0
1237,0.9742109179496765,4.0
1238,0.9894391894340515,4.0
1239,0.9598284363746643,4.0
1240,0.9684581160545349,4.0
1241,0.7586081027984619,4.0
1242,0.7816386222839355,4.0
1243,0.8801790475845337,4.0
1244,0.9703328609466553,4.0
1245,0.8233396410942078,4.0
1246,0.7020365595817566,4.0
1247,0.2803858518600464,4.0
1248,0.9940846562385559,4.0
1249,0.9797635078430176,4.0
1250,0.7944443821907043,4.0
1251,0.6311823129653931,4.0
1252,0.7656220197677612,4.0
1253,0.9919924736022949,4.0
1254,0.8542960286140442,4.0
1255,0.9529126286506653,4.0
1256,0.8950591683387756,4.0
1257,0.8164228796958923,4.0
1258,0.7664505243301392,4.0
1259,0.943298876285553,4.0
1260,0.9889245629310608,4.0
1261,0.6750823259353638,4.0
1262,0.7649170160293579,4.0
1263,0.9423407316207886,4.0
1264,0.7510220408439636,4.0
1265,0.07262236624956131,4.0
1266,0.8712468147277832,4.0
1267,0.2645205855369568,4.0
1268,0.9604790806770325,4.0
1269,0.9407514333724976,4.0
1270,0.7483123540878296,4.0
1271,0.9833040237426758,4.0
1272,0.5671069025993347,4.0
1273,0.9180519580841064,4.0
1274,0.5564740896224976,4.0
1275,0.7426121830940247,4.0
1276,0.9787573218345642,4.0
1277,0.9658254981040955,4.0
1278,0.9645017981529236,4.0
1279,0.8460311889648438,4.0
1280,0.957942008972168,4.0
1281,0.9194077253341675,4.0
1282,0.7898285388946533,4.0
1283,0.913200855255127,4.0
1284,0.9245998859405518,4.0
1285,0.9774929285049438,4.0
1286,0.9359884262084961,4.0
1287,0.9328564405441284,4.0
1288,0.5850507616996765,4.0
1289,0.9797635078430176,4.0
1290,0.8178868293762207,4.0
1291,0.9870933890342712,4.0
1292,0.7678061723709106,4.0
1293,0.8764386177062988,4.0
1294,0.5885031223297119,4.0
1295,0.8621178865432739,4.0
1296,0.9595985412597656,4.0
1297,0.920758068561554,4.0
1298,0.9639833569526672,4.0
1299,0.5029207468032837,4.0
1300,0.8445342779159546,4.0
1301,0.7760381102561951,4.0
1302,0.8792229294776917,4.0
1303,0.9253690242767334,4.0
1304,0.8820008635520935,4.0
1305,0.9885436296463013,4.0
1306,0.7407124638557434,4.0
1307,0.9121962785720825,4.0
1308,0.9348326921463013,4.0
1309,0.9892020225524902,4.0
1310,0.9522185921669006,4.0
1311,0.3219083249568939,4.0
1312,0.9819319248199463,4.0
1313,0.8890419602394104,4.0
1314,0.88190758228302,4.0
1315,0.8015252947807312,4.0
1316,0.88341224193573,4.0
1317,0.9384301900863647,4.0
1318,0.9797635078430176,4.0
1319,0.6066132187843323,4.0
1320,0.7356627583503723,4.0
1321,0.4486179053783417,4.0
1322,0.7539965510368347,4.0
1323,0.9739026427268982,4.0
1324,0.7096157073974609,4.0
1325,0.9870942234992981,4.0
1326,0.9894995093345642,4.0
1327,0.974454939365387,4.0
1328,0.945300281047821,4.0
1329,0.5029207468032837,4.0
1330,0.9509977102279663,4.0
1331,0.9660409688949585,4.0
1332,0.982165515422821,4.0
1333,0.992181658744812,4.0
1334,0.9208251237869263,4.0
1335,0.869265079498291,4.0
1336,0.9665233492851257,4.0
1337,0.16803854703903198,4.0
1338,0.9890406727790833,4.0
1339,0.16803854703903198,4.0
1340,0.8877214193344116,4.0
1341,0.8865900039672852,4.0
1342,0.9725023508071899,4.0
1343,0.9800974726676941,4.0
1344,0.9724195003509521,4.0
1345,0.9727832078933716,4.0
1346,0.7987025380134583,4.0
1347,0.44954198598861694,4.0
1348,0.16803854703903198,4.0
1349,0.9111282825469971,4.0
1350,0.9762136936187744,4.0
1351,0.9865359663963318,4.0
1352,0.9285734295845032,4.0
1353,0.9159207940101624,4.0
1354,0.5308122038841248,4.0
1355,0.9236118793487549,4.0
1356,0.8501392006874084,4.0
1357,0.7832058668136597,4.0
1358,0.8836769461631775,4.0
1359,0.9123369455337524,4.0
1360,0.9284946322441101,4.0
1361,0.9774608612060547,4.0
1362,0.5552834868431091,4.0
1363,0.9831478595733643,4.0
1364,0.9642008543014526,4.0
1365,0.5557825565338135,4.0
1366,0.8978092670440674,4.0
1367,0.9695097804069519,4.0
1368,0.9798148274421692,4.0
1369,0.9884551763534546,4.0
1370,0.9424769878387451,4.0
1371,0.7455734014511108,4.0
1372,0.982948362827301,4.0
1373,0.9774608612060547,4.0
1374,0.825681746006012,4.0
1375,0.9842117428779602,4.0
1376,0.9707423448562622,4.0
1377,0.8939284682273865,4.0
1378,0.9903008937835693,4.0
1379,0.842913031578064,4.0
1380,0.8260802626609802,4.0
1381,0.9586615562438965,4.0
1382,0.9386451840400696,4.0
1383,0.8010164499282837,4.0
1384,0.958296000957489,4.0
1385,0.8764386177062988,4.0
1386,0.9881618618965149,4.0
1387,0.5552834868431091,4.0
1388,0.9288268685340881,4.0
1389,0.8059033155441284,4.0
1390,0.8629400134086609,4.0
1391,0.8949857354164124,4.0
1392,0.943526029586792,4.0
1393,0.9907943606376648,4.0
1394,0.8565875291824341,4.0
1395,0.7755124568939209,4.0
1396,0.9506212472915649,4.0
1397,0.6468030214309692,4.0
1398,0.9617326259613037,4.0
1399,0.96722811460495,4.0
1400,0.9792255163192749,4.0
1401,0.9215666055679321,4.0
1402,0.9761126637458801,4.0
1403,0.9571391940116882,4.0
1404,0.9595985412597656,4.0
1405,0.9642008543014526,4.0
1406,0.849784791469574,4.0
1407,0.418355256319046,4.0
1408,0.7767439484596252,4.0
1409,0.8066636323928833,4.0
1410,0.6294881105422974,4.0
1411,0.5397958755493164,4.0
1412,0.8581506609916687,4.0
1413,0.7845532298088074,4.0
1414,0.7238531112670898,4.0
1415,0.9146133661270142,4.0
1416,0.7901309132575989,4.0
1417,0.9898629188537598,4.0
1418,0.7831733822822571,4.0
1419,0.34679004549980164,4.0
1420,0.8740292191505432,4.0
1421,0.9903008937835693,4.0
1422,0.8201259970664978,4.0
1423,0.956739068031311,4.0
1424,0.6866366267204285,4.0
1425,0.9046331644058228,4.0
1426,0.9804681539535522,4.0
1427,0.9896103143692017,4.0
1428,0.9902976155281067,4.0
1429,0.7814685106277466,4.0
1430,0.8062849640846252,4.0
1431,0.7814685106277466,4.0
1432,0.3346441686153412,4.0
1433,0.5620627999305725,4.0
1434,0.946992814540863,4.0
1435,0.936455488204956,4.0
1436,0.849784791469574,4.0
1437,0.9903008937835693,4.0
1438,0.829197347164154,4.0
1439,0.41909724473953247,4.0
1440,0.9644840955734253,4.0
1441,0.7394008636474609,4.0
1442,0.585748553276062,4.0
1443,0.9893123507499695,4.0
1444,0.9208251237869263,4.0
1445,0.6686668395996094,4.0
1446,0.9663219451904297,4.0
1447,0.038748688995838165,4.0
1448,0.9784135818481445,4.0
1449,0.8330949544906616,4.0
1450,0.9929925203323364,4.0
1451,0.8848507404327393,4.0
1452,0.8615674376487732,4.0
1453,0.9575528502464294,4.0
1454,0.849784791469574,4.0
1455,0.8890419602394104,4.0
1456,0.9498964548110962,4.0
1457,0.9051642417907715,4.0
1458,0.7261987328529358,4.0
1459,0.9686533808708191,4.0
1460,0.9489808082580566,4.0
1461,0.5911559462547302,4.0
1462,0.9824727773666382,4.0
1463,0.9629979729652405,4.0
1464,0.21923713386058807,4.0
1465,0.6006720662117004,4.0
1466,0.9210191965103149,4.0
1467,0.3022245466709137,4.0
1468,0.9594794511795044,4.0
1469,0.9267386198043823,4.0
1470,0.8890419602394104,4.0
1471,0.9123159050941467,4.0
1472,0.9847415089607239,4.0
1473,0.8893463015556335,4.0
1474,0.6497671008110046,4.0
1475,0.8763824105262756,4.0
1476,0.7820815443992615,4.0
1477,0.8764386177062988,4.0
1478,0.9182949662208557,4.0
1479,0.9884524941444397,4.0
1480,0.9858150482177734,4.0
1481,0.9552150964736938,4.0
1482,0.44317352771759033,4.0
1483,0.6862081289291382,4.0
1484,0.9305918216705322,4.0
1485,0.8987270593643188,4.0
1486,0.9504883289337158,4.0
1487,0.7807350754737854,4.0
1488,0.9630995988845825,4.0
1489,0.9750359654426575,4.0
1490,0.27741050720214844,4.0
1491,0.8926562666893005,4.0
1492,0.9702059030532837,4.0
1493,0.9503178596496582,4.0
1494,0.9858624339103699,4.0
1495,0.7820872664451599,4.0
1496,0.7967790961265564,4.0
1497,0.8961694836616516,4.0
1498,0.6486316919326782,4.0
1499,0.7872883677482605,4.0
1500,0.4913516044616699,4.0
1501,0.9343677759170532,4.0
1502,0.9014092087745667,4.0
1503,0.9094516038894653,4.0
1504,0.8792465925216675,4.0
1505,0.7506875991821289,4.0
1506,0.9919924736022949,4.0
1507,0.871546745300293,4.0
1508,0.925599992275238,4.0
1509,0.4008190631866455,4.0
1510,0.6822046637535095,4.0
1511,0.925599992275238,4.0
1512,0.8718799352645874,4.0
1513,0.9797635078430176,4.0
1514,0.9800974726676941,4.0
1515,0.9356980919837952,4.0
1516,0.9606338143348694,4.0
1517,0.954953670501709,4.0
1518,0.9792618751525879,4.0
1519,0.9593015909194946,4.0
1520,0.8964988589286804,4.0
1521,0.9581505656242371,4.0
1522,0.8524711728096008,4.0
1523,0.7813568711280823,4.0
1524,0.898233950138092,4.0
1525,0.8734489679336548,4.0
1526,0.7123467326164246,4.0
1527,0.8728236556053162,4.0
1528,0.9733119606971741,4.0
1529,0.9491867423057556,4.0
1530,0.5583662986755371,4.0
1531,0.984940230846405,4.0
1532,0.9887502789497375,4.0
1533,0.4877913296222687,4.0
1534,0.9194276928901672,4.0
1535,0.983905017375946,4.0
1536,0.9524201154708862,4.0
1537,0.6934069991111755,4.0
1538,0.66535484790802,4.0
1539,0.5093899369239807,4.0
1540,0.8890419602394104,4.0
1541,0.8946504592895508,4.0
1542,0.8297010064125061,4.0
1543,0.539383053779602,4.0
1544,0.987989068031311,4.0
1545,0.7142961621284485,4.0
1546,0.5300059914588928,4.0
1547,0.7329778671264648,4.0
1548,0.7491530179977417,4.0
1549,0.023631859570741653,4.0
1550,0.7121497988700867,4.0
1551,0.6618738770484924,4.0
1552,0.9575528502464294,4.0
1553,0.42076340317726135,4.0
1554,0.9928102493286133,4.0
1555,0.9719095826148987,4.0
1556,0.9630995988845825,4.0
1557,0.9593232870101929,4.0
1558,0.9859830737113953,4.0
1559,0.5235557556152344,4.0
1560,0.7562553286552429,4.0
1561,0.9777722358703613,4.0
1562,0.9272103905677795,4.0
1563,0.8116644620895386,4.0
1564,0.9777113795280457,4.0
1565,0.9503650665283203,4.0
1566,0.7362595796585083,4.0
1567,0.9821927547454834,4.0
1568,0.9701361060142517,4.0
1569,0.4601989984512329,4.0
1570,0.9621621966362,4.0
1571,0.5201528072357178,4.0
1572,0.9858150482177734,4.0
1573,0.9745920300483704,4.0
1574,0.6020992994308472,4.0
1575,0.5583662986755371,4.0
1576,0.9738385081291199,4.0
1577,0.9879504442214966,4.0
1578,0.8565837740898132,4.0
1579,0.9487806558609009,4.0
1580,0.8495040535926819,4.0
1581,0.7179354429244995,4.0
1582,0.020195133984088898,4.0
1583,0.8984626531600952,4.0
1584,0.9481748342514038,4.0
1585,0.9853917956352234,4.0
1586,0.9798856377601624,4.0
1587,0.8462012410163879,4.0
1588,0.9383313059806824,4.0
1589,0.9902976155281067,4.0
1590,0.9147312641143799,4.0
1591,0.3500690162181854,4.0
1592,0.40727245807647705,4.0
1593,0.9903008937835693,4.0
1594,0.9858725070953369,4.0
1595,0.9895534515380859,4.0
1596,0.6470208168029785,4.0
1597,0.9841439723968506,4.0
1598,0.8242666721343994,4.0
1599,0.9630995988845825,4.0
1600,0.9860142469406128,4.0
1601,0.6816923022270203,4.0
1602,0.6080727577209473,4.0
1603,0.9783709049224854,4.0
1604,0.9530926942825317,4.0
1605,0.9870786666870117,4.0
1606,0.9114227890968323,4.0
1607,0.9581754803657532,4.0
1608,0.9766932129859924,4.0
1609,0.9671701192855835,4.0
1610,0.8926867842674255,4.0
1611,0.9489808082580566,4.0
1612,0.8989282846450806,4.0
1613,0.5326948761940002,4.0
1614,0.8288167119026184,4.0
1615,0.7414180040359497,4.0
1616,0.012697995640337467,4.0
1617,0.9557069540023804,4.0
1618,0.9257269501686096,4.0
1619,0.789045512676239,4.0
1620,0.6896277070045471,4.0
1621,0.849784791469574,4.0
1622,0.572110652923584,4.0
1623,0.418355256319046,4.0
1624,0.7596897482872009,4.0
1625,0.5234825015068054,4.0
1626,0.6305599808692932,4.0
1627,0.5000752806663513,4.0
1628,0.9731324315071106,4.0
1629,0.9628148078918457,4.0
1630,0.983674168586731,4.0
1631,0.9168059825897217,4.0
1632,0.718817412853241,5.0
1633,0.8295363783836365,5.0
1634,0.5552834868431091,5.0
1635,0.9264607429504395,5.0
1636,0.5233171582221985,5.0
1637,0.9607729911804199,5.0
1638,0.636497974395752,5.0
1639,0.43370673060417175,5.0
1640,0.9710251092910767,5.0
1641,0.16803854703903198,5.0
1642,0.9903008937835693,5.0
1643,0.9715832471847534,5.0
1644,0.7668537497520447,5.0
1645,0.8691036105155945,5.0
1646,0.9797635078430176,5.0
1647,0.9814396500587463,5.0
1648,0.934542715549469,5.0
1649,0.8676594495773315,5.0
1650,0.9567334055900574,5.0
1651,0.8244916200637817,5.0
1652,0.8157150745391846,5.0
1653,0.5003827810287476,5.0
1654,0.9619881510734558,5.0
1655,0.9703158140182495,5.0
1656,0.9774469137191772,5.0
1657,0.6632729768753052,5.0
1658,0.7005892395973206,5.0
1659,0.9903008937835693,5.0
1660,0.9629494547843933,5.0
1661,0.971885621547699,5.0
1662,0.8877214193344116,5.0
1663,0.9190278053283691,5.0
1664,0.9534690380096436,5.0
1665,0.7798758149147034,5.0
1666,0.06282789260149002,5.0
1667,0.5175017714500427,5.0
1668,0.8301332592964172,5.0
1669,0.03813941031694412,5.0
1670,0.9073331356048584,5.0
1671,0.6318333148956299,5.0
1672,0.3720427453517914,5.0
1673,0.9902976155281067,5.0
1674,0.8015252947807312,5.0
1675,0.6597676873207092,5.0
1676,0.9836871027946472,5.0
1677,0.9867332577705383,5.0
1678,0.9389821290969849,5.0
1679,0.976292073726654,5.0
1680,0.7693463563919067,5.0
1681,0.5209318399429321,5.0
1682,0.5601643919944763,5.0
1683,0.7410168051719666,5.0
1684,0.9675118327140808,5.0
1685,0.9482249021530151,5.0
1686,0.5011216402053833,5.0
1687,0.8346495032310486,5.0
1688,0.9368414878845215,5.0
1689,0.8915146589279175,5.0
1690,0.9549719095230103,5.0
1691,0.9774025082588196,5.0
1692,0.8780653476715088,5.0
1693,0.8960764408111572,5.0
1694,0.9593988060951233,5.0
1695,0.7638717889785767,5.0
1696,0.9893572926521301,5.0
1697,0.7782782912254333,5.0
1698,0.9208824038505554,5.0
1699,0.41909724473953247,5.0
1700,0.8688299655914307,5.0
1701,0.5885031223297119,5.0
1702,0.5029207468032837,5.0
1703,0.9710251092910767,5.0
1704,0.9751505851745605,5.0
1705,0.4287692904472351,5.0
1706,0.9577569365501404,5.0
1707,0.5324106812477112,5.0
1708,0.09264576435089111,5.0
1709,0.7033761143684387,5.0
1710,0.9222847819328308,5.0
1711,0.9727205634117126,5.0
1712,0.9248172044754028,5.0
1713,0.16803854703903198,5.0
1714,0.9717496037483215,5.0
1715,0.9903008937835693,5.0
1716,0.9604195952415466,5.0
1717,0.9909027218818665,5.0
1718,0.7729501724243164,5.0
1719,0.6776047945022583,5.0
1720,0.8907678723335266,5.0
1721,0.9922478199005127,5.0
1722,0.9842371344566345,5.0
1723,0.7758657932281494,5.0
1724,0.9857040047645569,5.0
1725,0.8835011124610901,5.0
1726,0.9920280575752258,5.0
1727,0.24805746972560883,5.0
1728,0.9758874177932739,5.0
1729,0.3358142375946045,5.0
1730,0.9184877872467041,5.0
1731,0.9658641219139099,5.0
1732,0.11574695259332657,5.0
1733,0.7731102705001831,5.0
1734,0.9601255059242249,5.0
1735,0.6768561601638794,5.0
1736,0.8764386177062988,5.0
1737,0.6934069991111755,5.0
1738,0.8678982257843018,5.0
1739,0.9727391600608826,5.0
1740,0.9500221014022827,5.0
1741,0.7665237188339233,5.0
1742,0.9641994833946228,5.0
1743,0.9712550044059753,5.0
1744,0.9197033643722534,5.0
1745,0.5006119608879089,5.0
1746,0.991409957408905,5.0
1747,0.9084848761558533,5.0
1748,0.9712295532226562,5.0
1749,0.6267984509468079,5.0
1750,0.9466841220855713,5.0
1751,0.9679373502731323,5.0
1752,0.8051882982254028,5.0
1753,0.16803854703903198,5.0
1754,0.6814394593238831,5.0
1755,0.8456593751907349,5.0
1756,0.9064836502075195,5.0
1757,0.8890419602394104,5.0
1758,0.8969314694404602,5.0
1759,0.660948634147644,5.0
1760,0.945608377456665,5.0
1761,0.7686635255813599,5.0
1762,0.635117769241333,5.0
1763,0.255890429019928,5.0
1764,0.28865042328834534,5.0
1765,0.9564576745033264,5.0
1766,0.1936042755842209,5.0
1767,0.8577873706817627,5.0
1768,0.9917740225791931,5.0
1769,0.8212108612060547,5.0
1770,0.980603039264679,5.0
1771,0.9715832471847534,5.0
1772,0.8487458825111389,5.0
1773,0.791828989982605,5.0
1774,0.8811646103858948,5.0
1775,0.764640212059021,5.0
1776,0.6768559813499451,5.0
1777,0.8157150745391846,5.0
1778,0.9665586352348328,5.0
1779,0.6275509595870972,5.0
1780,0.8571833372116089,5.0
1781,0.9715832471847534,5.0
1782,0.9139599800109863,5.0
1783,0.9232389330863953,5.0
1784,0.9176845550537109,5.0
1785,0.9658254981040955,5.0
1786,0.9023839235305786,5.0
1787,0.8559246063232422,5.0
1788,0.9901291728019714,5.0
1789,0.9689396023750305,5.0
1790,0.7876466512680054,5.0
1791,0.8083592057228088,5.0
1792,0.8908743262290955,5.0
1793,0.9658254981040955,5.0
1794,0.9572003483772278,5.0
1795,0.9572003483772278,5.0
1796,0.985486626625061,5.0
1797,0.8892818093299866,5.0
1798,0.9821608066558838,5.0
1799,0.9564576745033264,5.0
1800,0.9862415790557861,5.0
1801,0.9552834630012512,5.0
1802,0.7902452945709229,5.0
1803,0.9735150933265686,5.0
1804,0.9267840385437012,5.0
1805,0.5427682995796204,5.0
1806,0.9696471095085144,5.0
1807,0.37394973635673523,5.0
1808,0.8774892687797546,5.0
1809,0.04578850418329239,5.0
1810,0.9833040237426758,5.0
1811,0.6030901670455933,5.0
1812,0.8585643172264099,5.0
1813,0.49862372875213623,5.0
1814,0.9396727681159973,5.0
1815,0.8717555999755859,5.0
1816,0.9832537770271301,5.0
1817,0.7949235439300537,5.0
1818,0.7784822583198547,5.0
1819,0.9245624542236328,5.0
1820,0.7966902256011963,5.0
1821,0.5996246337890625,5.0
1822,0.9462987184524536,5.0
1823,0.5846554040908813,5.0
1824,0.9733119606971741,5.0
1825,0.9286080598831177,5.0
1826,0.017820773646235466,5.0
1827,0.9903008937835693,5.0
1828,0.9919924736022949,5.0
1829,0.9867623448371887,5.0
1830,0.8507538437843323,5.0
1831,0.8684260249137878,5.0
1832,0.4383332431316376,5.0
1833,0.9815776944160461,5.0
1834,0.9851266741752625,5.0
1835,0.07461972534656525,5.0
1836,0.9514687657356262,5.0
1837,0.9335710406303406,5.0
1838,0.9575551152229309,5.0
1839,0.37935876846313477,5.0
1840,0.6284670233726501,5.0
1841,0.9578312039375305,5.0
1842,0.2180182784795761,5.0
1843,0.7407124638557434,5.0
1844,0.6632729768753052,5.0
1845,0.4450612962245941,5.0
1846,0.9624854922294617,5.0
1847,0.9511073231697083,5.0
1848,0.16317784786224365,5.0
1849,0.43319374322891235,5.0
1850,0.9299889206886292,5.0
1851,0.9000937938690186,5.0
1852,0.43133142590522766,5.0
1853,0.9717496037483215,5.0
1854,0.24741867184638977,5.0
1855,0.9855548143386841,5.0
1856,0.834926962852478,5.0
1857,0.8764386177062988,5.0
1858,0.5857876539230347,5.0
1859,0.8491584658622742,5.0
1860,0.6730344891548157,5.0
1861,0.9774608612060547,5.0
1862,0.9911218881607056,5.0
1863,0.9427291750907898,5.0
1864,0.7478585243225098,5.0
1865,0.9087145924568176,5.0
1866,0.9051642417907715,5.0
1867,0.95236736536026,5.0
1868,0.9658254981040955,5.0
1869,0.9365044832229614,5.0
1870,0.9774608612060547,5.0
1871,0.8909639120101929,5.0
1872,0.4388342797756195,5.0
1873,0.9709025621414185,5.0
1874,0.9279435873031616,5.0
1875,0.9365370273590088,5.0
1876,0.8388029932975769,5.0
1877,0.9915976524353027,5.0
1878,0.3389972746372223,5.0
1879,0.636497974395752,5.0
1880,0.551210880279541,5.0
1881,0.9389218688011169,5.0
1882,0.8528066873550415,5.0
1883,0.9894766807556152,5.0
1884,0.9219298958778381,5.0
1885,0.8998259902000427,5.0
1886,0.6934069991111755,5.0
1887,0.9551592469215393,5.0
1888,0.9344174265861511,5.0
1889,0.9781917929649353,5.0
1890,0.9604319930076599,5.0
1891,0.8295458555221558,5.0
1892,0.873029351234436,5.0
1893,0.9620201587677002,5.0
1894,0.8167561888694763,5.0
1895,0.9421921372413635,5.0
1896,0.9542054533958435,5.0
1897,0.9147322773933411,5.0
1898,0.940136194229126,5.0
1899,0.791147768497467,5.0
1900,0.9945429563522339,5.0
1901,0.9703158140182495,5.0
1902,0.9660228490829468,5.0
1903,0.967363178730011,5.0
1904,0.5415933728218079,5.0
1905,0.8803603649139404,5.0
1906,0.1110585629940033,5.0
1907,0.8466373085975647,5.0
1908,0.8518746495246887,5.0
1909,0.7768670916557312,5.0
1910,0.9645017981529236,5.0
1911,0.9820699691772461,5.0
1912,0.8476704955101013,5.0
1913,0.9903008937835693,5.0
1914,0.6934069991111755,5.0
1915,0.9595985412597656,5.0
1916,0.8890419602394104,5.0
1917,0.9234856963157654,5.0
1918,0.8615674376487732,5.0
1919,0.9797635078430176,5.0
1920,0.9664884209632874,5.0
1921,0.7863157391548157,5.0
1922,0.6162034273147583,5.0
1923,0.933039665222168,5.0
1924,0.954016923904419,5.0
1925,0.8195937275886536,5.0
1926,0.8699272871017456,5.0
1927,0.8818556070327759,5.0
1928,0.5135244727134705,5.0
1929,0.871059238910675,5.0
1930,0.9749622941017151,5.0
1931,0.5505272150039673,5.0
1932,0.8404831290245056,5.0
1933,0.8806671500205994,5.0
1934,0.9176283478736877,5.0
1935,0.9903008937835693,5.0
1936,0.9630469679832458,5.0
1937,0.7684024572372437,5.0
1938,0.0381862111389637,5.0
1939,0.9915884137153625,5.0
1940,0.9833040237426758,5.0
1941,0.9286310076713562,5.0
1942,0.9661077260971069,5.0
1943,0.41909724473953247,5.0
1944,0.8970977067947388,5.0
1945,0.7902176976203918,5.0
1946,0.9423264265060425,5.0
1947,0.9903008937835693,5.0
1948,0.4133380651473999,5.0
1949,0.5029207468032837,5.0
1950,0.8712252378463745,5.0
1951,0.9424004554748535,5.0
1952,0.8203851580619812,5.0
1953,0.8015252947807312,5.0
1954,0.9716245532035828,5.0
1955,0.948383629322052,5.0
1956,0.995043158531189,5.0
1957,0.4448222219944,5.0
1958,0.9446086287498474,5.0
1959,0.5716120600700378,5.0
1960,0.42198076844215393,5.0
1961,0.926481306552887,5.0
1962,0.9790639281272888,5.0
1963,0.871546745300293,5.0
1964,0.9406805038452148,5.0
1965,0.9595156908035278,5.0
1966,0.8760212659835815,5.0
1967,0.9272103905677795,5.0
1968,0.7035455703735352,5.0
1969,0.8254830241203308,5.0
1970,0.7035455703735352,5.0
1971,0.9853379726409912,5.0
1972,0.9864224791526794,5.0
1973,0.854601263999939,5.0
1974,0.9916452765464783,5.0
1975,0.8157150745391846,5.0
1976,0.3358142375946045,5.0
1977,0.7883836030960083,5.0
1978,0.9878904819488525,5.0
1979,0.939651370048523,5.0
1980,0.9105995893478394,5.0
1981,0.6227120757102966,5.0
1982,0.3399417996406555,5.0
1983,0.5955812335014343,5.0
1984,0.7205920815467834,5.0
1985,0.6777532696723938,5.0
1986,0.8890419602394104,5.0
1987,0.9052122235298157,5.0
1988,0.5588775873184204,5.0
1989,0.6174312233924866,5.0
1990,0.8551458716392517,5.0
1991,0.9035112857818604,5.0
1992,0.9919924736022949,5.0
1993,0.9712052941322327,5.0
1994,0.927832305431366,5.0
1995,0.8555943369865417,5.0
1996,0.6975768804550171,5.0
1997,0.5725705623626709,5.0
1998,0.9582021832466125,5.0
1999,0.3019945025444031,5.0
2000,0.6632729768753052,5.0
2001,0.9875191450119019,5.0
2002,0.6860878467559814,5.0
2003,0.9918527007102966,5.0
2004,0.7625740170478821,5.0
2005,0.8629400134086609,5.0
2006,0.08754479885101318,5.0
2007,0.9704756140708923,5.0
2008,0.8388029932975769,5.0
2009,0.718817412853241,5.0
2010,0.7631485462188721,5.0
2011,0.9731960296630859,5.0
2012,0.9837961196899414,5.0
2013,0.9829062223434448,5.0
2014,0.9254356026649475,5.0
2015,0.608884334564209,5.0
2016,0.9921636581420898,5.0
2017,0.6632729768753052,5.0
2018,0.8231476545333862,5.0
2019,0.8716713190078735,5.0
2020,0.81800776720047,5.0
2021,0.9202231764793396,5.0
2022,0.8284202218055725,5.0
2023,0.23005394637584686,5.0
2024,0.7105358839035034,5.0
2025,0.9553854465484619,5.0
2026,0.868493914604187,5.0
2027,0.95018470287323,5.0
2028,0.418355256319046,5.0
2029,0.9626002907752991,5.0
2030,0.5029207468032837,5.0
2031,0.9292517304420471,5.0
2032,0.7351628541946411,5.0
2033,0.806320309638977,5.0
2034,0.6912423372268677,5.0
2035,0.927039623260498,5.0
2036,0.8561688661575317,5.0
2037,0.9832707047462463,5.0
2038,0.4365915358066559,5.0
2039,0.6632729768753052,6.0
2040,0.8535115718841553,6.0
2041,0.6261109113693237,6.0
2042,0.8171089291572571,6.0
2043,0.7580779790878296,6.0
2044,0.6517242789268494,6.0
2045,0.9794700145721436,6.0
2046,0.6576077342033386,6.0
2047,0.9443222284317017,6.0
2048,0.3253338038921356,6.0
2049,0.9833040237426758,6.0
2050,0.7304384708404541,6.0
2051,0.9526112675666809,6.0
2052,0.931769073009491,6.0
2053,0.9193987250328064,6.0
2054,0.13634812831878662,6.0
2055,0.31867387890815735,6.0
2056,0.92106693983078,6.0
2057,0.8802361488342285,6.0
2058,0.7088969945907593,6.0
2059,0.38959404826164246,6.0
2060,0.9157113432884216,6.0
2061,0.9922564029693604,6.0
2062,0.9805675148963928,6.0
2063,0.9459221363067627,6.0
2064,0.9919924736022949,6.0
2065,0.9425646662712097,6.0
2066,0.8492664098739624,6.0
2067,0.9733119606971741,6.0
2068,0.9023642539978027,6.0
2069,0.919128954410553,6.0
2070,0.8114252090454102,6.0
2071,0.9379078149795532,6.0
2072,0.9171867370605469,6.0
2073,0.8366754055023193,6.0
2074,0.8364896178245544,6.0
2075,0.919259786605835,6.0
2076,0.9782191514968872,6.0
2077,0.8731099963188171,6.0
2078,0.9903008937835693,6.0
2079,0.9907696843147278,6.0
2080,0.7943979501724243,6.0
2081,0.41511139273643494,6.0
2082,0.6608404517173767,6.0
2083,0.9692012071609497,6.0
2084,0.9896993041038513,6.0
2085,0.3776642084121704,6.0
2086,0.9686365723609924,6.0
2087,0.8005626797676086,6.0
2088,0.5882386565208435,6.0
2089,0.8764386177062988,6.0
2090,0.8944150805473328,6.0
2091,0.9415957927703857,6.0
2092,0.6292280554771423,6.0
2093,0.938439667224884,6.0
2094,0.5732311010360718,6.0
2095,0.7135588526725769,6.0
2096,0.8986627459526062,6.0
2097,0.9466273188591003,6.0
2098,0.8763636350631714,6.0
2099,0.9535467028617859,6.0
2100,0.8913023471832275,6.0
2101,0.42137137055397034,6.0
2102,0.3253338038921356,6.0
2103,0.768450140953064,6.0
2104,0.41631031036376953,6.0
2105,0.8963750004768372,6.0
2106,0.9673600792884827,6.0
2107,0.8015252947807312,6.0
2108,0.7557232975959778,6.0
2109,0.9406119585037231,6.0
2110,0.7817263007164001,6.0
2111,0.9874083995819092,6.0
2112,0.7113459706306458,6.0
2113,0.8097520470619202,6.0
2114,0.5772650837898254,6.0
2115,0.8968097567558289,6.0
2116,0.9180236458778381,6.0
2117,0.982948362827301,6.0
2118,0.9444059133529663,6.0
2119,0.023005302995443344,6.0
2120,0.05689247325062752,6.0
2121,0.5669879913330078,6.0
2122,0.950055718421936,6.0
2123,0.8881943821907043,6.0
2124,0.9449979662895203,6.0
2125,0.9179046750068665,6.0
2126,0.991409957408905,6.0
2127,0.7500448226928711,6.0
2128,0.9736180901527405,6.0
2129,0.909329354763031,6.0
2130,0.4629603624343872,6.0
2131,0.6632729768753052,6.0
2132,0.9618222713470459,6.0
2133,0.9922148585319519,6.0
2134,0.9733119606971741,6.0
2135,0.8621101975440979,6.0
2136,0.2577287554740906,6.0
2137,0.9761301875114441,6.0
2138,0.7680224180221558,6.0
2139,0.9837107062339783,6.0
2140,0.5029207468032837,6.0
2141,0.9770734906196594,6.0
2142,0.9448069930076599,6.0
2143,0.9147322773933411,6.0
2144,0.8768473863601685,6.0
2145,0.9516248106956482,6.0
2146,0.9854388236999512,6.0
2147,0.9825332164764404,6.0
2148,0.9719021320343018,6.0
2149,0.8473324179649353,6.0
2150,0.9831478595733643,6.0
2151,0.8740292191505432,6.0
2152,0.9269844889640808,6.0
2153,0.16259604692459106,6.0
2154,0.9828196167945862,6.0
2155,0.5029207468032837,6.0
2156,0.609771192073822,6.0
2157,0.9872045516967773,6.0
2158,0.9833040237426758,6.0
2159,0.7456796765327454,6.0
2160,0.8581421375274658,6.0
2161,0.9285111427307129,6.0
2162,0.9800105690956116,6.0
2163,0.9194276928901672,6.0
2164,0.605059802532196,6.0
2165,0.9145910143852234,6.0
2166,0.7680261135101318,6.0
2167,0.8785601258277893,6.0
2168,0.9295622706413269,6.0
2169,0.6027242541313171,6.0
2170,0.6309481263160706,6.0
2171,0.9715832471847534,6.0
2172,0.9847643971443176,6.0
2173,0.979910135269165,6.0
2174,0.8288861513137817,6.0
2175,0.8015252947807312,6.0
2176,0.5506893992424011,6.0
2177,0.9839054942131042,6.0
2178,0.9695097804069519,6.0
2179,0.9927071928977966,6.0
2180,0.9642008543014526,6.0
2181,0.9419771432876587,6.0
2182,0.9918162226676941,6.0
2183,0.9522888660430908,6.0
2184,0.8890419602394104,6.0
2185,0.5207528471946716,6.0
2186,0.9665233492851257,6.0
2187,0.9474279880523682,6.0
2188,0.9903008937835693,6.0
2189,0.9628012180328369,6.0
2190,0.9922888875007629,6.0
2191,0.7457005977630615,6.0
2192,0.09554179012775421,6.0
2193,0.680381715297699,6.0
2194,0.5464761853218079,6.0
2195,0.5408865809440613,6.0
2196,0.7565640807151794,6.0
2197,0.92656010389328,6.0
2198,0.891308605670929,6.0
2199,0.46568724513053894,6.0
2200,0.11964207887649536,6.0
2201,0.951166570186615,6.0
2202,0.9360498189926147,6.0
2203,0.9847643971443176,6.0
2204,0.9847643971443176,6.0
2205,0.8551517724990845,6.0
2206,0.949224054813385,6.0
2207,0.9804204702377319,6.0
2208,0.9614827036857605,6.0
2209,0.7581436038017273,6.0
2210,0.9138304591178894,6.0
2211,0.9097864627838135,6.0
2212,0.6935411691665649,6.0
2213,0.9054199457168579,6.0
2214,0.9618201851844788,6.0
2215,0.9797635078430176,6.0
2216,0.8654500842094421,6.0
2217,0.7144192457199097,6.0
2218,0.7404911518096924,6.0
2219,0.8585643172264099,6.0
2220,0.44660839438438416,6.0
2221,0.9633126258850098,6.0
2222,0.8098480701446533,6.0
2223,0.9582573771476746,6.0
2224,0.6413660049438477,6.0
2225,0.9027802348136902,6.0
2226,0.9642696380615234,6.0
2227,0.8903571963310242,6.0
2228,0.2114562839269638,6.0
2229,0.5860993266105652,6.0
2230,0.19592666625976562,6.0
2231,0.7750341296195984,6.0
2232,0.9896814227104187,6.0
2233,0.3301321864128113,6.0
2234,0.34453606605529785,6.0
2235,0.9767688512802124,6.0
2236,0.6866366267204285,6.0
2237,0.4383332431316376,6.0
2238,0.9740827679634094,6.0
2239,0.1939181685447693,6.0
2240,0.9841522574424744,6.0
2241,0.8100069165229797,6.0
2242,0.36932212114334106,6.0
2243,0.6113067269325256,6.0
2244,0.6325735449790955,6.0
2245,0.9724307656288147,6.0
2246,0.7604071497917175,6.0
2247,0.7211870551109314,6.0
2248,0.718817412853241,6.0
2249,0.9774608612060547,6.0
2250,0.16803854703903198,6.0
2251,0.8926483988761902,6.0
2252,0.5227487087249756,6.0
2253,0.8396111726760864,6.0
2254,0.6849376559257507,6.0
2255,0.43133142590522766,6.0
2256,0.8510844111442566,6.0
2257,0.5766093730926514,6.0
2258,0.7205527424812317,6.0
2259,0.9746960997581482,6.0
2260,0.9912716746330261,6.0
2261,0.8890419602394104,6.0
2262,0.8647753596305847,6.0
2263,0.7778675556182861,6.0
2264,0.06713779270648956,6.0
2265,0.9575528502464294,6.0
2266,0.849784791469574,6.0
2267,0.9150359034538269,6.0
2268,0.8333932161331177,6.0
2269,0.8734489679336548,6.0
2270,0.9080851078033447,6.0
2271,0.9440963864326477,6.0
2272,0.5871443152427673,6.0
2273,0.9285061955451965,6.0
2274,0.9728188514709473,6.0
2275,0.4370676279067993,6.0
2276,0.19745005667209625,6.0
2277,0.8864732980728149,6.0
2278,0.48286178708076477,6.0
2279,0.565701961517334,6.0
2280,0.9697858691215515,6.0
2281,0.9705514311790466,6.0
2282,0.7261477112770081,6.0
2283,0.7020365595817566,6.0
2284,0.9836339950561523,6.0
2285,0.39099928736686707,6.0
2286,0.5398551821708679,6.0
2287,0.9630995988845825,6.0
2288,0.8466043472290039,6.0
2289,0.8877214193344116,6.0
2290,0.8877214193344116,6.0
2291,0.6032636761665344,6.0
2292,0.8110014200210571,6.0
2293,0.9656901955604553,6.0
2294,0.7538233399391174,6.0
2295,0.912321150302887,6.0
2296,0.7275860905647278,6.0
2297,0.946932315826416,6.0
2298,0.9690426588058472,6.0
2299,0.9395192861557007,6.0
2300,0.9293546676635742,6.0
2301,0.7544138431549072,6.0
2302,0.9041507244110107,6.0
2303,0.9340943098068237,6.0
2304,0.986503005027771,6.0
2305,0.9397416114807129,6.0
2306,0.943708062171936,6.0
2307,0.9408784508705139,6.0
2308,0.9602411389350891,6.0
2309,0.8680534362792969,6.0
2310,0.48632633686065674,6.0
2311,0.6071932911872864,6.0
2312,0.9924620985984802,6.0
2313,0.8690237402915955,6.0
2314,0.7163168787956238,6.0
2315,0.8282998204231262,6.0
2316,0.813185453414917,6.0
2317,0.7734960317611694,6.0
2318,0.9833040237426758,6.0
2319,0.9575528502464294,6.0
2320,0.6357595324516296,6.0
2321,0.925599992275238,6.0
2322,0.9774608612060547,6.0
2323,0.01255126018077135,6.0
2324,0.9066038727760315,6.0
2325,0.9560186862945557,6.0
2326,0.9654273390769958,6.0
2327,0.7693018913269043,6.0
2328,0.8688254356384277,6.0
2329,0.9748204946517944,6.0
2330,0.6501418948173523,6.0
2331,0.7695390582084656,6.0
2332,0.8786708116531372,6.0
2333,0.6462085247039795,6.0
2334,0.8709086775779724,6.0
2335,0.9139577150344849,6.0
2336,0.8885909914970398,6.0
2337,0.36683380603790283,6.0
2338,0.8621311783790588,6.0
2339,0.6909819841384888,6.0
2340,0.8066485524177551,6.0
2341,0.9923381805419922,6.0
2342,0.8337398171424866,6.0
2343,0.9731728434562683,6.0
2344,0.936115026473999,6.0
2345,0.9903837442398071,6.0
2346,0.3096528649330139,6.0
2347,0.990287184715271,6.0
2348,0.9627362489700317,6.0
2349,0.5824406147003174,6.0
2350,0.4717628061771393,6.0
2351,0.9838947653770447,6.0
2352,0.5545860528945923,6.0
2353,0.4323452115058899,6.0
2354,0.859818696975708,6.0
2355,0.938377320766449,6.0
2356,0.9365370273590088,6.0
2357,0.49415284395217896,6.0
2358,0.9508577585220337,6.0
2359,0.2091236263513565,6.0
2360,0.6494019627571106,6.0
2361,0.9412224292755127,6.0
2362,0.8993363380432129,6.0
2363,0.25542163848876953,6.0
2364,0.43452760577201843,6.0
2365,0.7041059136390686,6.0
2366,0.8664210438728333,6.0
2367,0.9846473932266235,6.0
2368,0.9009968042373657,6.0
2369,0.5029207468032837,6.0
2370,0.9013417959213257,6.0
2371,0.9845548272132874,6.0
2372,0.8716458678245544,6.0
2373,0.16803854703903198,6.0
2374,0.8354550004005432,6.0
2375,0.9625211954116821,6.0
2376,0.9653995037078857,6.0
2377,0.973365068435669,6.0
2378,0.22125160694122314,6.0
2379,0.9710143804550171,6.0
2380,0.9658254981040955,6.0
2381,0.9271323084831238,6.0
2382,0.9087854027748108,6.0
2383,0.9815430045127869,6.0
2384,0.9701499342918396,6.0
2385,0.9189927577972412,6.0
2386,0.9928102493286133,6.0
2387,0.8015252947807312,6.0
2388,0.9777957201004028,6.0
2389,0.6786069273948669,6.0
2390,0.6480591297149658,6.0
2391,0.655232846736908,6.0
2392,0.9358571767807007,6.0
2393,0.9780610799789429,6.0
2394,0.9116448163986206,6.0
2395,0.7094905376434326,6.0
2396,0.9658254981040955,6.0
2397,0.3937188386917114,6.0
2398,0.2243121862411499,6.0
2399,0.7674397826194763,6.0
2400,0.6368526220321655,6.0
2401,0.9826623201370239,6.0
2402,0.9656901955604553,6.0
2403,0.9540682435035706,6.0
2404,0.951191246509552,6.0
2405,0.9928556084632874,6.0
2406,0.3096528649330139,6.0
2407,0.9786779880523682,6.0
2408,0.9194276928901672,6.0
2409,0.27147194743156433,6.0
2410,0.6632729768753052,6.0
2411,0.6090385317802429,6.0
2412,0.9592134952545166,6.0
2413,0.9347061514854431,6.0
2414,0.8872193098068237,6.0
2415,0.9461013674736023,6.0
2416,0.9051927924156189,6.0
2417,0.4519309401512146,6.0
2418,0.9565390348434448,6.0
2419,0.6522150039672852,6.0
2420,0.8890419602394104,6.0
2421,0.8381555676460266,6.0
2422,0.7327513694763184,6.0
2423,0.8784847855567932,6.0
2424,0.6297167539596558,6.0
2425,0.9799219369888306,6.0
2426,0.8904159069061279,6.0
2427,0.9703158140182495,6.0
2428,0.49628379940986633,6.0
2429,0.925599992275238,6.0
2430,0.9903008937835693,6.0
2431,0.7471922636032104,6.0
2432,0.043676503002643585,6.0
2433,0.809424638748169,6.0
2434,0.5513694286346436,6.0
2435,0.8414755463600159,6.0
2436,0.6807109713554382,6.0
2437,0.9902676939964294,6.0
2438,0.39607787132263184,6.0
2439,0.24263404309749603,6.0
2440,0.9937266111373901,6.0
2441,0.7524428367614746,7.0
2442,0.9903008937835693,7.0
2443,0.8171089291572571,7.0
2444,0.9307745099067688,7.0
2445,0.9844301342964172,7.0
2446,0.3009880781173706,7.0
2447,0.18691261112689972,7.0
2448,0.8114091753959656,7.0
2449,0.37536391615867615,7.0
2450,0.6632729768753052,7.0
2451,0.9710251092910767,7.0
2452,0.9443222284317017,7.0
2453,0.9891343712806702,7.0
2454,0.9530059695243835,7.0
2455,0.9646331667900085,7.0
2456,0.5361317992210388,7.0
2457,0.5986528992652893,7.0
2458,0.9379982352256775,7.0
2459,0.7242460250854492,7.0
2460,0.9424839019775391,7.0
2461,0.9702597856521606,7.0
2462,0.7641040682792664,7.0
2463,0.9884936213493347,7.0
2464,0.7035602331161499,7.0
2465,0.95018470287323,7.0
2466,0.6150738000869751,7.0
2467,0.8381674885749817,7.0
2468,0.9636033177375793,7.0
2469,0.7282537817955017,7.0
2470,0.9523717164993286,7.0
2471,0.7946673631668091,7.0
2472,0.9833040237426758,7.0
2473,0.5946013331413269,7.0
2474,0.714213490486145,7.0
2475,0.25153848528862,7.0
2476,0.7384524345397949,7.0
2477,0.2065446376800537,7.0
2478,0.5039507150650024,7.0
2479,0.4282277822494507,7.0
2480,0.8337398171424866,7.0
2481,0.3245670795440674,7.0
2482,0.009766115806996822,7.0
2483,0.8312853574752808,7.0
2484,0.849784791469574,7.0
2485,0.984806478023529,7.0
2486,0.9741426110267639,7.0
2487,0.9611476063728333,7.0
2488,0.9868267774581909,7.0
2489,0.6255683302879333,7.0
2490,0.693965494632721,7.0
2491,0.986519455909729,7.0
2492,0.15687252581119537,7.0
2493,0.030832121148705482,7.0
2494,0.9576591849327087,7.0
2495,0.8594609498977661,7.0
2496,0.8730773329734802,7.0
2497,0.8483350276947021,7.0
2498,0.9433006048202515,7.0
2499,0.7826292514801025,7.0
2500,0.7805867195129395,7.0
2501,0.8801378607749939,7.0
2502,0.6645596623420715,7.0
2503,0.9835054278373718,7.0
2504,0.9767690896987915,7.0
2505,0.9094295501708984,7.0
2506,0.45101433992385864,7.0
2507,0.9717077016830444,7.0
2508,0.9831478595733643,7.0
2509,0.6632729768753052,7.0
2510,0.7344977259635925,7.0
2511,0.4287692904472351,7.0
2512,0.9575528502464294,7.0
2513,0.8763766288757324,7.0
2514,0.9474279880523682,7.0
2515,0.7911713719367981,7.0
2516,0.9224340915679932,7.0
2517,0.606950044631958,7.0
2518,0.8556162714958191,7.0
2519,0.9885436296463013,7.0
2520,0.7407124638557434,7.0
2521,0.006906107068061829,7.0
2522,0.016904417425394058,7.0
2523,0.04530828446149826,7.0
2524,0.24597576260566711,7.0
2525,0.7929499745368958,7.0
2526,0.8746064305305481,7.0
2527,0.987273097038269,7.0
2528,0.951191246509552,7.0
2529,0.9693901538848877,7.0
2530,0.5029207468032837,7.0
2531,0.9846375584602356,7.0
2532,0.16803854703903198,7.0
2533,0.9903008937835693,7.0
2534,0.9740839004516602,7.0
2535,0.8524156808853149,7.0
2536,0.9888237118721008,7.0
2537,0.8428104519844055,7.0
2538,0.9306973814964294,7.0
2539,0.9396727681159973,7.0
2540,0.991422712802887,7.0
2541,0.7390127182006836,7.0
2542,0.8890419602394104,7.0
2543,0.9766932129859924,7.0
2544,0.8304283022880554,7.0
2545,0.9736140370368958,7.0
2546,0.34449145197868347,7.0
2547,0.9854707717895508,7.0
2548,0.937969982624054,7.0
2549,0.9747143387794495,7.0
2550,0.6904441714286804,7.0
2551,0.9766174554824829,7.0
2552,0.9261103868484497,7.0
2553,0.891308605670929,7.0
2554,0.9658254981040955,7.0
2555,0.9833040237426758,7.0
2556,0.8680858016014099,7.0
2557,0.22482772171497345,7.0
2558,0.5029207468032837,7.0
2559,0.9833040237426758,7.0
2560,0.9203142523765564,7.0
2561,0.9903008937835693,7.0
2562,0.6386467218399048,7.0
2563,0.9710251092910767,7.0
2564,0.871670126914978,7.0
2565,0.2681027054786682,7.0
2566,0.8213990330696106,7.0
2567,0.7678906321525574,7.0
2568,0.7688887715339661,7.0
2569,0.8915343284606934,7.0
2570,0.9334241151809692,7.0
2571,0.8283141255378723,7.0
2572,0.800135612487793,7.0
2573,0.9797635078430176,7.0
2574,0.5398743748664856,7.0
2575,0.9904848337173462,7.0
2576,0.7980442047119141,7.0
2577,0.9734534025192261,7.0
2578,0.8116711378097534,7.0
2579,0.9807254672050476,7.0
2580,0.7377370595932007,7.0
2581,0.9788778424263,7.0
2582,0.9858411550521851,7.0
2583,0.9424769878387451,7.0
2584,0.8904159069061279,7.0
2585,0.8736763596534729,7.0
2586,0.9845489263534546,7.0
2587,0.7852724194526672,7.0
2588,0.6927950978279114,7.0
2589,0.8341141939163208,7.0
2590,0.5854492783546448,7.0
2591,0.9897984266281128,7.0
2592,0.9432826638221741,7.0
2593,0.78497713804245,7.0
2594,0.7559886574745178,7.0
2595,0.8458300232887268,7.0
2596,0.6989492774009705,7.0
2597,0.18734337389469147,7.0
2598,0.9058879017829895,7.0
2599,0.07018574327230453,7.0
2600,0.2664848864078522,7.0
2601,0.9875191450119019,7.0
2602,0.978053092956543,7.0
2603,0.8799124360084534,7.0
2604,0.9909499287605286,7.0
2605,0.2820676565170288,7.0
2606,0.7641248106956482,7.0
2607,0.872830867767334,7.0
2608,0.8604288101196289,7.0
2609,0.7113818526268005,7.0
2610,0.3765263855457306,7.0
2611,0.8661659955978394,7.0
2612,0.983765184879303,7.0
2613,0.9475687146186829,7.0
2614,0.943117618560791,7.0
2615,0.49713414907455444,7.0
2616,0.9581212401390076,7.0
2617,0.9928102493286133,7.0
2618,0.493028849363327,7.0
2619,0.8535308837890625,7.0
2620,0.9396727681159973,7.0
2621,0.9774608612060547,7.0
2622,0.915155291557312,7.0
2623,0.9019729495048523,7.0
2624,0.8535833358764648,7.0
2625,0.892176628112793,7.0
2626,0.7456039786338806,7.0
2627,0.8875858783721924,7.0
2628,0.6244226694107056,7.0
2629,0.7471613883972168,7.0
2630,0.6258198618888855,7.0
2631,0.9429764151573181,7.0
2632,0.8520621657371521,7.0
2633,0.8274651765823364,7.0
2634,0.9023642539978027,7.0
2635,0.2198334038257599,7.0
2636,0.3301321864128113,7.0
2637,0.9859896898269653,7.0
2638,0.8579444289207458,7.0
2639,0.8717555999755859,7.0
2640,0.8179386854171753,7.0
2641,0.978746235370636,7.0
2642,0.4416274428367615,7.0
2643,0.9913911819458008,7.0
2644,0.9514687657356262,7.0
2645,0.6056503653526306,7.0
2646,0.9184614419937134,7.0
2647,0.8521382808685303,7.0
2648,0.989983320236206,7.0
2649,0.8890419602394104,7.0
2650,0.9774608612060547,7.0
2651,0.967073380947113,7.0
2652,0.5552834868431091,7.0
2653,0.9490184783935547,7.0
2654,0.3497905135154724,7.0
2655,0.8908743262290955,7.0
2656,0.5733990669250488,7.0
2657,0.9665233492851257,7.0
2658,0.9113323092460632,7.0
2659,0.7387896776199341,7.0
2660,0.03270520269870758,7.0
2661,0.9440193772315979,7.0
2662,0.9060574769973755,7.0
2663,0.8101229667663574,7.0
2664,0.973139762878418,7.0
2665,0.9813483357429504,7.0
2666,0.9903008937835693,7.0
2667,0.9443222284317017,7.0
2668,0.9286310076713562,7.0
2669,0.8768802881240845,7.0
2670,0.9211393594741821,7.0
2671,0.928665041923523,7.0
2672,0.805022656917572,7.0
2673,0.9916273355484009,7.0
2674,0.11003023386001587,7.0
2675,0.9861019849777222,7.0
2676,0.9903726577758789,7.0
2677,0.6966496706008911,7.0
2678,0.772699773311615,7.0
2679,0.9639363884925842,7.0
2680,0.8657130599021912,7.0
2681,0.9592049717903137,7.0
2682,0.8559584021568298,7.0
2683,0.8559584021568298,7.0
2684,0.8148353695869446,7.0
2685,0.8375325798988342,7.0
2686,0.8995445966720581,7.0
2687,0.961868941783905,7.0
2688,0.21270567178726196,7.0
2689,0.9799742698669434,7.0
2690,0.9787573218345642,7.0
2691,0.011397426016628742,7.0
2692,0.9744653701782227,7.0
2693,0.9506289958953857,7.0
2694,0.3256305158138275,7.0
2695,0.2674880027770996,7.0
2696,0.9187316298484802,7.0
2697,0.9631292223930359,7.0
2698,0.9382555484771729,7.0
2699,0.800879180431366,7.0
2700,0.9726417660713196,7.0
2701,0.8764386177062988,7.0
2702,0.6689067482948303,7.0
2703,0.7894152402877808,7.0
2704,0.9376445412635803,7.0
2705,0.976075291633606,7.0
2706,0.9660975933074951,7.0
2707,0.7503577470779419,7.0
2708,0.8875695466995239,7.0
2709,0.8587868213653564,7.0
2710,0.8375517725944519,7.0
2711,0.8258218765258789,7.0
2712,0.8170318603515625,7.0
2713,0.7268202900886536,7.0
2714,0.9794074296951294,7.0
2715,0.7850264310836792,7.0
2716,0.9397155046463013,7.0
2717,0.7946125864982605,7.0
2718,0.9843525290489197,7.0
2719,0.9658254981040955,7.0
2720,0.967073380947113,7.0
2721,0.9251741766929626,7.0
2722,0.16803854703903198,7.0
2723,0.8836769461631775,7.0
2724,0.9575528502464294,7.0
2725,0.9722148180007935,7.0
2726,0.9109374284744263,7.0
2727,0.7604422569274902,7.0
2728,0.3018002212047577,7.0
2729,0.9264743328094482,7.0
2730,0.9143902659416199,7.0
2731,0.9855097532272339,7.0
2732,0.8755741715431213,7.0
2733,0.9543971419334412,7.0
2734,0.9851872324943542,7.0
2735,0.4725112318992615,7.0
2736,0.5855218172073364,7.0
2737,0.9228663444519043,7.0
2738,0.9264461994171143,7.0
2739,0.9300995469093323,7.0
2740,0.9416096210479736,7.0
2741,0.6632729768753052,7.0
2742,0.9920152425765991,7.0
2743,0.8511120676994324,7.0
2744,0.9592243432998657,7.0
2745,0.9828552007675171,7.0
2746,0.871546745300293,7.0
2747,0.8982959985733032,7.0
2748,0.8148353695869446,7.0
2749,0.3933870792388916,7.0
2750,0.9182743430137634,7.0
2751,0.633883535861969,7.0
2752,0.6877284049987793,7.0
2753,0.7782782912254333,7.0
2754,0.7417004704475403,7.0
2755,0.8289443850517273,7.0
2756,0.675556480884552,7.0
2757,0.9933508038520813,7.0
2758,0.8529452085494995,7.0
2759,0.9314453601837158,7.0
2760,0.9007341265678406,7.0
2761,0.5459725260734558,7.0
2762,0.4340229034423828,7.0
2763,0.9530625939369202,7.0
2764,0.11189869046211243,7.0
2765,0.9903008937835693,7.0
2766,0.9637368321418762,7.0
2767,0.9257269501686096,7.0
2768,0.9429994225502014,7.0
2769,0.7983638644218445,7.0
2770,0.4158395230770111,7.0
2771,0.7378895878791809,7.0
2772,0.7695480585098267,7.0
2773,0.957400381565094,7.0
2774,0.9540502429008484,7.0
2775,0.7938690185546875,7.0
2776,0.5029207468032837,7.0
2777,0.9917740225791931,7.0
2778,0.9581181406974792,7.0
2779,0.9270179867744446,7.0
2780,0.9303584098815918,7.0
2781,0.8891882300376892,7.0
2782,0.6411904692649841,7.0
2783,0.6222548484802246,7.0
2784,0.9647590517997742,7.0
2785,0.989617109298706,7.0
2786,0.9842858910560608,7.0
2787,0.9907224178314209,7.0
2788,0.33548447489738464,7.0
2789,0.9440028071403503,7.0
2790,0.3358142375946045,7.0
2791,0.6757695078849792,7.0
2792,0.9434781670570374,7.0
2793,0.6695072054862976,7.0
2794,0.6471468210220337,7.0
2795,0.6331650018692017,7.0
2796,0.7863447666168213,7.0
2797,0.9391739964485168,7.0
2798,0.9090297818183899,7.0
2799,0.9251648783683777,7.0
2800,0.6497148275375366,7.0
2801,0.9082806706428528,7.0
2802,0.8968205451965332,7.0
2803,0.9617356061935425,7.0
2804,0.5235557556152344,7.0
2805,0.16310052573680878,7.0
2806,0.2905610203742981,7.0
2807,0.839412271976471,7.0
2808,0.511262059211731,7.0
2809,0.43133142590522766,7.0
2810,0.3841208815574646,7.0
2811,0.956348717212677,7.0
2812,0.6860878467559814,7.0
2813,0.6593025326728821,7.0
2814,0.8759830594062805,7.0
2815,0.9893744587898254,7.0
2816,0.9524236917495728,7.0
2817,0.9687293171882629,7.0
2818,0.8827734589576721,7.0
2819,0.9833040237426758,7.0
2820,0.9885436296463013,7.0
2821,0.9589840173721313,7.0
2822,0.8908767104148865,7.0
2823,0.7327513694763184,7.0
2824,0.8994206786155701,7.0
2825,0.6723162531852722,7.0
2826,0.7706825137138367,7.0
2827,0.9594178795814514,7.0
2828,0.9055848121643066,7.0
2829,0.9616388082504272,7.0
2830,0.5441126227378845,7.0
2831,0.871546745300293,7.0
2832,0.17267048358917236,7.0
2833,0.7765909433364868,7.0
2834,0.5647011399269104,7.0
2835,0.40676605701446533,7.0
2836,0.7709453701972961,7.0
2837,0.5687689781188965,7.0
2838,0.938017725944519,7.0
2839,0.8770412802696228,7.0
2840,0.5525490641593933,7.0
2841,0.8206266164779663,7.0
2842,0.2871329188346863,7.0
2843,0.6822046637535095,8.0
2844,0.991409957408905,8.0
2845,0.791828989982605,8.0
2846,0.7555645108222961,8.0
2847,0.8203851580619812,8.0
2848,0.6731173992156982,8.0
2849,0.8971332907676697,8.0
2850,0.7904329299926758,8.0
2851,0.9249421954154968,8.0
2852,0.9862359166145325,8.0
2853,0.9443222284317017,8.0
2854,0.871546745300293,8.0
2855,0.9513815641403198,8.0
2856,0.7618427872657776,8.0
2857,0.9818205237388611,8.0
2858,0.8714149594306946,8.0
2859,0.9182271361351013,8.0
2860,0.9314286708831787,8.0
2861,0.9194443225860596,8.0
2862,0.9617686867713928,8.0
2863,0.054948631674051285,8.0
2864,0.9918805956840515,8.0
2865,0.9907943606376648,8.0
2866,0.7512397766113281,8.0
2867,0.905128538608551,8.0
2868,0.6492186188697815,8.0
2869,0.91102135181427,8.0
2870,0.9800105690956116,8.0
2871,0.8877214193344116,8.0
2872,0.9368333220481873,8.0
2873,0.5136349201202393,8.0
2874,0.9788309931755066,8.0
2875,0.3081572949886322,8.0
2876,0.7697979211807251,8.0
2877,0.3369726240634918,8.0
2878,0.6481925249099731,8.0
2879,0.8488875031471252,8.0
2880,0.11273392289876938,8.0
2881,0.8797634840011597,8.0
2882,0.9451344609260559,8.0
2883,0.9664884209632874,8.0
2884,0.08068180084228516,8.0
2885,0.6170274615287781,8.0
2886,0.18377400934696198,8.0
2887,0.984043300151825,8.0
2888,0.9290893077850342,8.0
2889,0.04972631111741066,8.0
2890,0.5930048823356628,8.0
2891,0.9092958569526672,8.0
2892,0.7609232664108276,8.0
2893,0.3080836236476898,8.0
2894,0.9679400324821472,8.0
2895,0.9725023508071899,8.0
2896,0.12006786465644836,8.0
2897,0.4635367691516876,8.0
2898,0.89438796043396,8.0
2899,0.9457185864448547,8.0
2900,0.5259130597114563,8.0
2901,0.902012288570404,8.0
2902,0.5519631505012512,8.0
2903,0.9510102868080139,8.0
2904,0.7811954617500305,8.0
2905,0.5064393281936646,8.0
2906,0.6632729768753052,8.0
2907,0.9668737053871155,8.0
2908,0.609771192073822,8.0
2909,0.9637836217880249,8.0
2910,0.8714013695716858,8.0
2911,0.9347540140151978,8.0
2912,0.5029207468032837,8.0
2913,0.7817263007164001,8.0
2914,0.7077589631080627,8.0
2915,0.9445756077766418,8.0
2916,0.9785555601119995,8.0
2917,0.9399596452713013,8.0
2918,0.9684611558914185,8.0
2919,0.8859441876411438,8.0
2920,0.9648886919021606,8.0
2921,0.9676501750946045,8.0
2922,0.9323452711105347,8.0
2923,0.6593025326728821,8.0
2924,0.052149638533592224,8.0
2925,0.8244555592536926,8.0
2926,0.9503287672996521,8.0
2927,0.6760808825492859,8.0
2928,0.9899531006813049,8.0
2929,0.9771431684494019,8.0
2930,0.6632729768753052,8.0
2931,0.9682670831680298,8.0
2932,0.7952147722244263,8.0
2933,0.9309344291687012,8.0
2934,0.965290367603302,8.0
2935,0.9194254279136658,8.0
2936,0.6632729768753052,8.0
2937,0.9557069540023804,8.0
2938,0.9658533334732056,8.0
2939,0.7059549689292908,8.0
2940,0.06840596348047256,8.0
2941,0.9927664995193481,8.0
2942,0.9880489706993103,8.0
2943,0.8890419602394104,8.0
2944,0.9665720462799072,8.0
2945,0.9834445714950562,8.0
2946,0.01573086343705654,8.0
2947,0.470072478055954,8.0
2948,0.749996542930603,8.0
2949,0.9207920432090759,8.0
2950,0.9602781534194946,8.0
2951,0.9495387673377991,8.0
2952,0.9558707475662231,8.0
2953,0.6291057467460632,8.0
2954,0.9594794511795044,8.0
2955,0.6822046637535095,8.0
2956,0.9872892498970032,8.0
2957,0.830221951007843,8.0
2958,0.22181876003742218,8.0
2959,0.8565461039543152,8.0
2960,0.9048247933387756,8.0
2961,0.91131192445755,8.0
2962,0.9797635078430176,8.0
2963,0.7810258865356445,8.0
2964,0.9695097804069519,8.0
2965,0.9194276928901672,8.0
2966,0.857516348361969,8.0
2967,0.6386467218399048,8.0
2968,0.6386467218399048,8.0
2969,0.9153714776039124,8.0
2970,0.631965696811676,8.0
2971,0.7964325547218323,8.0
2972,0.8598289489746094,8.0
2973,0.9584630727767944,8.0
2974,0.6769017577171326,8.0
2975,0.9779196977615356,8.0
2976,0.9752541780471802,8.0
2977,0.7820815443992615,8.0
2978,0.9315590262413025,8.0
2979,0.7974652051925659,8.0
2980,0.8836769461631775,8.0
2981,0.5137532353401184,8.0
2982,0.11022768914699554,8.0
2983,0.9850794076919556,8.0
2984,0.9149142503738403,8.0
2985,0.7188020944595337,8.0
2986,0.865808367729187,8.0
2987,0.9387014508247375,8.0
2988,0.9893981218338013,8.0
2989,0.8449385166168213,8.0
2990,0.488355427980423,8.0
2991,0.9850794076919556,8.0
2992,0.7209657430648804,8.0
2993,0.9806511998176575,8.0
2994,0.9903008937835693,8.0
2995,0.9849804639816284,8.0
2996,0.5415874719619751,8.0
2997,0.6516644358634949,8.0
2998,0.9564181566238403,8.0
2999,0.6087439060211182,8.0
3000,0.8517782688140869,8.0
3001,0.9758433699607849,8.0
3002,0.9847643971443176,8.0
3003,0.9254255890846252,8.0
3004,0.9174275398254395,8.0
3005,0.987614631652832,8.0
3006,0.773966372013092,8.0
3007,0.7524428367614746,8.0
3008,0.7213579416275024,8.0
3009,0.870354413986206,8.0
3010,0.9537945985794067,8.0
3011,0.9467083811759949,8.0
3012,0.40424132347106934,8.0
3013,0.6523535847663879,8.0
3014,0.7177748680114746,8.0
3015,0.9262659549713135,8.0
3016,0.9722041487693787,8.0
3017,0.9594794511795044,8.0
3018,0.9494455456733704,8.0
3019,0.9886553287506104,8.0
3020,0.9541066884994507,8.0
3021,0.9575528502464294,8.0
3022,0.37536391615867615,8.0
3023,0.6357595324516296,8.0
3024,0.8028032183647156,8.0
3025,0.926659882068634,8.0
3026,0.9240826368331909,8.0
3027,0.9742181897163391,8.0
3028,0.9781039953231812,8.0
3029,0.8929618000984192,8.0
3030,0.36435797810554504,8.0
3031,0.010654199868440628,8.0
3032,0.15557436645030975,8.0
3033,0.9656228423118591,8.0
3034,0.4299689829349518,8.0
3035,0.5947105884552002,8.0
3036,0.3358142375946045,8.0
3037,0.7028383612632751,8.0
3038,0.7641248106956482,8.0
3039,0.9246922135353088,8.0
3040,0.809556245803833,8.0
3041,0.9840711355209351,8.0
3042,0.553600013256073,8.0
3043,0.9626002907752991,8.0
3044,0.5357974171638489,8.0
3045,0.09233929216861725,8.0
3046,0.6096490621566772,8.0
3047,0.9506389498710632,8.0
3048,0.845660388469696,8.0
3049,0.4400738477706909,8.0
3050,0.8171089291572571,8.0
3051,0.798535168170929,8.0
3052,0.48727887868881226,8.0
3053,0.9489808082580566,8.0
3054,0.9398696422576904,8.0
3055,0.9893123507499695,8.0
3056,0.9896432161331177,8.0
3057,0.3304236829280853,8.0
3058,0.438489705324173,8.0
3059,0.8425203561782837,8.0
3060,0.9668737053871155,8.0
3061,0.7234302759170532,8.0
3062,0.8775882720947266,8.0
3063,0.24410027265548706,8.0
3064,0.7348244786262512,8.0
3065,0.9068590998649597,8.0
3066,0.9774608612060547,8.0
3067,0.9914237856864929,8.0
3068,0.5631685853004456,8.0
3069,0.5235557556152344,8.0
3070,0.959400475025177,8.0
3071,0.9645969867706299,8.0
3072,0.9010300636291504,8.0
3073,0.7327513694763184,8.0
3074,0.965092122554779,8.0
3075,0.9781002998352051,8.0
3076,0.9748460650444031,8.0
3077,0.8957862257957458,8.0
3078,0.6544212102890015,8.0
3079,0.6923073530197144,8.0
3080,0.938106894493103,8.0
3081,0.8353061676025391,8.0
3082,0.8779365420341492,8.0
3083,0.9792314767837524,8.0
3084,0.9766936898231506,8.0
3085,0.9552150964736938,8.0
3086,0.9349576234817505,8.0
3087,0.516545832157135,8.0
3088,0.9649672508239746,8.0
3089,0.9557069540023804,8.0
3090,0.9918648600578308,8.0
3091,0.8555943369865417,8.0
3092,0.9293546676635742,8.0
3093,0.9871726036071777,8.0
3094,0.9922795295715332,8.0
3095,0.1221354529261589,8.0
3096,0.8678982257843018,8.0
3097,0.7847771048545837,8.0
3098,0.9303303956985474,8.0
3099,0.949462890625,8.0
3100,0.8118050694465637,8.0
3101,0.8644300103187561,8.0
3102,0.928989589214325,8.0
3103,0.9793280959129333,8.0
3104,0.9013581871986389,8.0
3105,0.08321233093738556,8.0
3106,0.8179245591163635,8.0
3107,0.9777420163154602,8.0
3108,0.4448222219944,8.0
3109,0.42793652415275574,8.0
3110,0.9738270044326782,8.0
3111,0.9126259088516235,8.0
3112,0.7208228707313538,8.0
3113,0.34399768710136414,8.0
3114,0.7848593592643738,8.0
3115,0.9736009240150452,8.0
3116,0.8287948369979858,8.0
3117,0.7923203706741333,8.0
3118,0.6934069991111755,8.0
3119,0.7657894492149353,8.0
3120,0.9896103143692017,8.0
3121,0.30631208419799805,8.0
3122,0.3925742506980896,8.0
3123,0.9838502407073975,8.0
3124,0.8577174544334412,8.0
3125,0.8577174544334412,8.0
3126,0.9695097804069519,8.0
3127,0.6162034273147583,8.0
3128,0.9293546676635742,8.0
3129,0.5029207468032837,8.0
3130,0.0276961512863636,8.0
3131,0.32585322856903076,8.0
3132,0.9777587652206421,8.0
3133,0.772109866142273,8.0
3134,0.8567606806755066,8.0
3135,0.9848143458366394,8.0
3136,0.65817791223526,8.0
3137,0.7834415435791016,8.0
3138,0.7466363906860352,8.0
3139,0.711968719959259,8.0
3140,0.915359377861023,8.0
3141,0.859562337398529,8.0
3142,0.8399115204811096,8.0
3143,0.9666526913642883,8.0
3144,0.9797635078430176,8.0
3145,0.7315579056739807,8.0
3146,0.39688965678215027,8.0
3147,0.7549281716346741,8.0
3148,0.2706047594547272,8.0
3149,0.8659988045692444,8.0
3150,0.9138533473014832,8.0
3151,0.5713351368904114,8.0
3152,0.44016048312187195,8.0
3153,0.9685044288635254,8.0
3154,0.6632729768753052,8.0
3155,0.9903008937835693,8.0
3156,0.4969662129878998,8.0
3157,0.9205193519592285,8.0
3158,0.8195028901100159,8.0
3159,0.8920614719390869,8.0
3160,0.9433842897415161,8.0
3161,0.9709908962249756,8.0
3162,0.8265950679779053,8.0
3163,0.8634131550788879,8.0
3164,0.9535633325576782,8.0
3165,0.6046150326728821,8.0
3166,0.9903837442398071,8.0
3167,0.9836137294769287,8.0
3168,0.9919290542602539,8.0
3169,0.9441569447517395,8.0
3170,0.8691258430480957,8.0
3171,0.8633517622947693,8.0
3172,0.9833040237426758,8.0
3173,0.9774608612060547,8.0
3174,0.9897719025611877,8.0
3175,0.81131911277771,8.0
3176,0.5029207468032837,8.0
3177,0.5530242919921875,8.0
3178,0.9905226826667786,8.0
3179,0.5819164514541626,8.0
3180,0.9598211050033569,8.0
3181,0.9839798212051392,8.0
3182,0.7008067965507507,8.0
3183,0.9903008937835693,8.0
3184,0.8455943465232849,8.0
3185,0.10968291014432907,8.0
3186,0.9577539563179016,8.0
3187,0.855559766292572,8.0
3188,0.981544017791748,8.0
3189,0.5815887451171875,8.0
3190,0.3358142375946045,8.0
3191,0.8962852358818054,8.0
3192,0.9847530722618103,8.0
3193,0.3831010162830353,8.0
3194,0.5357003808021545,8.0
3195,0.7989800572395325,8.0
3196,0.9141529202461243,8.0
3197,0.9555923342704773,8.0
3198,0.9432801008224487,8.0
3199,0.6632729768753052,8.0
3200,0.40575283765792847,8.0
3201,0.7548134326934814,8.0
3202,0.8764386177062988,8.0
3203,0.8678982257843018,8.0
3204,0.8678982257843018,8.0
3205,0.9574781656265259,8.0
3206,0.40374985337257385,8.0
3207,0.9620044827461243,8.0
3208,0.8978092670440674,8.0
3209,0.7261477112770081,8.0
3210,0.16803854703903198,8.0
3211,0.9727581143379211,8.0
3212,0.9726773500442505,8.0
3213,0.7571792006492615,8.0
3214,0.9668737053871155,8.0
3215,0.8939926028251648,8.0
3216,0.9795671105384827,8.0
3217,0.9368848204612732,8.0
3218,0.752561092376709,8.0
3219,0.9551592469215393,8.0
3220,0.9708003401756287,8.0
3221,0.9895882606506348,8.0
3222,0.9766932129859924,8.0
3223,0.7563785910606384,8.0
3224,0.8601377606391907,8.0
3225,0.5038651823997498,8.0
3226,0.7535397410392761,8.0
3227,0.9802131056785583,8.0
3228,0.8878775238990784,8.0
3229,0.8925877213478088,8.0
3230,0.8138169646263123,8.0
3231,0.6934069991111755,8.0
3232,0.5109918117523193,8.0
3233,0.8470948934555054,8.0
3234,0.7261477112770081,8.0
3235,0.9544358253479004,8.0
3236,0.8576316833496094,8.0
3237,0.5821965336799622,8.0
3238,0.6055763959884644,8.0
3239,0.8728095293045044,8.0
3240,0.8464140295982361,8.0
3241,0.5673316717147827,8.0
3242,0.7676330208778381,8.0
